0,0x1.127d1a0137496p+7,0x1.f251960ed2849p+6,0x1.c619bb541e0cp+7,0x1.46fd1d317a4bep+7
1,0x1.06c8d556a8d94p+7,0x1.f33c1b8d5de9dp+6,0x1.babb0b42652c7p+7,0x1.4797fe17cc495p+7
2,0x1.f861e6600cd55p+6,0x1.f1036dc930ddcp+6,0x1.b08aa3d35a322p+7,0x1.46a9237b28291p+7
3,0x1.e9c9df49520dp+6,0x1.f21d842c5978p+6,0x1.a93587c6a8a82p+7,0x1.47322f27eeaeap+7
4,0x1.d5b79ac3b2bcbp+6,0x1.eac54da01afd1p+6,0x1.9f0f4e28cbfa5p+7,0x1.43794a51b3366p+7
5,0x1.ccb59a0edd47bp+6,0x1.ec5b76f5ef8f2p+6,0x1.9a65aa5543493p+7,0x1.44328208148cp+7
6,0x1.bc71afad7a451p+6,0x1.e7b71e0655744p+6,0x1.922ef5714d395p+7,0x1.41d736c012daap+7
7,0x1.ac71988e10c0ep+6,0x1.e781af5d703cep+6,0x1.8a0b141f34f11p+7,0x1.41acbeffacc35p+7
8,0x1.98981693cb7dbp+6,0x1.e1aa7bcfbe159p+6,0x1.80473cca03f8ep+7,0x1.3ed32106de434p+7
9,0x1.7d53747566696p+6,0x1.dec0b4c7c283ap+6,0x1.72c4f2c54ccb5p+7,0x1.3d6c517c3b462p+7
10,0x1.6ae29a0d26ac1p+6,0x1.dd18844120511p+6,0x1.69a4708881fe1p+7,0x1.3ca2bca2d1ad7p+7
11,0x1.57102ba0ebefbp+6,0x1.d9140021b7463p+6,0x1.5fb0aa39d45afp+7,0x1.3a9bd6668ef8dp+7
12,0x1.4783e29903b3p+6,0x1.d9230b1b674f8p+6,0x1.583023b37e268p+7,0x1.3ac1f5baf85bdp+7
13,0x1.32d0f8b0bd139p+6,0x1.d4fd5b4cbf3d4p+6,0x1.4d66065cfa7b9p+7,0x1.387d98bc1781dp+7
14,0x1.1f5f66796e2c8p+6,0x1.d2c56d402e082p+6,0x1.44270ec348e9cp+7,0x1.37972da02a1acp+7
15,0x1.091539178e62ap+6,0x1.ce101ebc3aa7bp+6,0x1.38f2447edce4fp+7,0x1.35359f8572d2bp+7
16,0x1.eaa9a2e8b1fe8p+5,0x1.cd8d8f692d989p+6,0x1.2eb0e8a6f2804p+7,0x1.34c9a319da23cp+7
17,0x1.bc6907acb285bp+5,0x1.cd12a1726d436p+6,0x1.234144e89ca03p+7,0x1.349a769bf485p+7
18,0x1.8d1af04aa1645p+5,0x1.ca15fbc90c94bp+6,0x1.176c6a69da13cp+7,0x1.331b8e0ada0ap+7
19,0x1.622c1b4886053p+5,0x1.c910a1c8f33fdp+6,0x1.0ce044886b447p+7,0x1.32adc8da946bcp+7
20,0x1.345c5531e267bp+5,0x1.c615e837a9ef4p+6,0x1.0103c4b387662p+7,0x1.310276a8c7c78p+7
21,0x1.096871bb8d9f4p+5,0x1.c71faba10b68p+6,0x1.ed5a7e0b8c75ap+6,0x1.31b460cc8421ap+7
22,0x1.a44b4a64b543p+4,0x1.c161147810758p+6,0x1.d161dde611b0fp+6,0x1.2ec1e98da2828p+7
23,0x1.496c67d9c1466p+4,0x1.c7959d0a77cefp+6,0x1.ba52e7d6d56d3p+6,0x1.31c90164f81a8p+7
24,0x1.d87de81d2c836p+3,0x1.c9658dc530866p+6,0x1.a3405437d140ep+6,0x1.32bd74c6ad1ep+7
25,0x1.3d9370b176343p+3,0x1.cd373039a9e8cp+6,0x1.8f9c43945961p+6,0x1.3496b8f7db814p+7
26,0x1.e32dd5c490e64p+1,0x1.d55e81c2cb1cfp+6,0x1.77753d12635b4p+6,0x1.38c36e3dc2225p+7
27,-0x1.d4f251402b1bcp+0,0x1.d9b5513a700f4p+6,0x1.60318612e1427p+6,0x1.3abfb19cd7665p+7
28,-0x1.f1d49a050b768p+2,0x1.e15dddd06f062p+6,0x1.4961f2a4ab1bep+6,0x1.3ecae5a5cbb18p+7
29,-0x1.df25a26e908c6p+3,0x1.e3d2943b996dcp+6,0x1.2c3108f425153p+6,0x1.3fee113ffd683p+7
30,-0x1.3ce8a90c556eap+4,0x1.ea9135ca52e52p+6,0x1.189809011e34fp+6,0x1.433e8a07d7f2p+7
31,-0x1.a466d7bcaa1d1p+4,0x1.ed115f2bc194cp+6,0x1.fb1f6f9df962ep+5,0x1.443d653e436ecp+7
32,-0x1.0aecb85c46ec5p+5,0x1.f1ec11216f2a9p+6,0x1.c2e179fac602ap+5,0x1.46b84bfcbea18p+7
33,-0x1.2921d51b6c64ap+5,0x1.f36366389d2b3p+6,0x1.a748f9f42971fp+5,0x1.47bd6fd7b0a1fp+7
34,-0x1.39af7dd6ebb97p+5,0x1.f53e128271acap+6,0x1.97333e270f1c8p+5,0x1.48b7f3b72764p+7
35,-0x1.37252aceb4687p+5,0x1.f6f546b874326p+6,0x1.9ba89f5dd325ep+5,0x1.49c984206ac0cp+7
36,-0x1.434fe240aaf9dp+5,0x1.f6a9566c2e43dp+6,0x1.8fe4b5872875p+5,0x1.49aed805b8369p+7
37,-0x1.434f6ef94721dp+5,0x1.f59ae22f40b8cp+6,0x1.8d97a0a077624p+5,0x1.48e6d544a73b2p+7
38,-0x1.45da4d9a1c798p+5,0x1.f421e43d2a387p+6,0x1.8f578c1187a2cp+5,0x1.48a3154ac346cp+7
39,-0x1.4d3dec742d15cp+5,0x1.f3a6ac19a86d5p+6,0x1.87f190904bb7p+5,0x1.486536c6fd9edp+7
40,-0x1.44f2ccb6962b6p+5,0x1.f33573e8abcabp+6,0x1.90073508f04dap+5,0x1.4826ba25839e6p+7
41,-0x1.30e1bcae05576p+5,0x1.ed217658f5eb3p+6,0x1.a423ab51f215cp+5,0x1.451dfc0d88156p+7
42,-0x1.27472ca418176p+5,0x1.eb18e31521c56p+6,0x1.ac18c0a420aa4p+5,0x1.43eb616b1e27ep+7
43,-0x1.15286094f8f29p+5,0x1.e71d2b5341f78p+6,0x1.bd7e32b222231p+5,0x1.41d92740ea4a3p+7
44,-0x1.028927089e93dp+5,0x1.e36abcbd0dd9ep+6,0x1.d2d1fab4ded85p+5,0x1.404c0ade40502p+7
45,-0x1.d672d5842feb9p+4,0x1.df788af14bdp+6,0x1.e945dd049a89ap+5,0x1.3e3ac92394f35p+7
46,-0x1.b34731de19c23p+4,0x1.d98317e79f53ep+6,0x1.f9f185a0157d8p+5,0x1.3b26543bcdd0ap+7
47,-0x1.844fa04738fe1p+4,0x1.d8986a426cc83p+6,0x1.08a2f19caa2a8p+6,0x1.3aaca87d02164p+7
48,-0x1.591597391c9efp+4,0x1.d0315adfb659ep+6,0x1.12e129d039c6ap+6,0x1.36596a8a40a7dp+7
49,-0x1.38388f41c6515p+4,0x1.d02b80a8a0662p+6,0x1.1b75063f7f48ep+6,0x1.366ad7a3c5d73p+7
50,-0x1.22e8d90e2824cp+4,0x1.c8721ceef68ebp+6,0x1.216d25938f14cp+6,0x1.32b23bf8569a1p+7
51,-0x1.e3b3b038dee76p+3,0x1.c4864cc4b1a24p+6,0x1.2d3b821dd5052p+6,0x1.30a2871e8281ap+7
52,-0x1.9be1aa4bb313p+3,0x1.c07ba9f6fb63p+6,0x1.36e362927b6c5p+6,0x1.2ec35e7228fe2p+7
53,-0x1.47d5643ebd11bp+3,0x1.ba08e68da66fp+6,0x1.415500abe5d38p+6,0x1.2b867d36108ccp+7
54,-0x1.24c38c48a6318p+0,0x1.b7d55c10620cfp+6,0x1.63c8831dec11bp+6,0x1.29fecdf7cef99p+7
55,0x1.78a239b602cabp+1,0x1.b0257270cababp+6,0x1.75230581baba4p+6,0x1.265fa2d34e62bp+7
56,0x1.5f8e1d2917c65p+3,0x1.a9ffb69113d73p+6,0x1.973dbaba06b19p+6,0x1.23b957eaab172p+7
57,0x1.d1744c87bae5bp+3,0x1.a5ed3c6c12ed1p+6,0x1.a37808cfc863dp+6,0x1.213f08f242a8p+7
58,0x1.340a94861453ep+4,0x1.a0e264dd413a2p+6,0x1.b73e684d92ce5p+6,0x1.1ef095dc998e6p+7
59,0x1.95a741d787ef4p+4,0x1.9f021097c32a2p+6,0x1.d13a2a96959d2p+6,0x1.1e5a02fbc1033p+7
60,0x1.ca09767aae03ap+4,0x1.9d6cc8f96700fp+6,0x1.deb77891a67e2p+6,0x1.1da5c5897ad7ap+7
61,0x1.127034f5079b8p+5,0x1.994302de15bc8p+6,0x1.fb1c26e56c95p+6,0x1.1cd3c7ba1a5a6p+7
62,0x1.31f1cc95f1901p+5,0x1.988f36f28593cp+6,0x1.0539f75cfd256p+7,0x1.1c632b86bd361p+7
63,0x1.524521c374c3bp+5,0x1.96618df3b1d1p+6,0x1.0d28103d9bae9p+7,0x1.1b3b37f7c79ecp+7
64,0x1.8b457f021fbc8p+5,0x1.97e57ef644272p+6,0x1.1a5721706373bp+7,0x1.1b835a3094566p+7
65,0x1.a5b25a23e51f4p+5,0x1.9917ff13a5602p+6,0x1.21df10c56a698p+7,0x1.1c858670cd8bcp+7
66,0x1.ca50ff34b82e5p+5,0x1.9d7be93a1797fp+6,0x1.2b2b39a83ba8ap+7,0x1.1ec810f256f62p+7
67,0x1.c71ecf31280cfp+5,0x1.a69799757a57dp+6,0x1.28cebe61b9efp+7,0x1.22a486feb6a9ep+7
68,0x1.cf9b9e3c6f3e9p+5,0x1.aad8c83bfd6a7p+6,0x1.2940819a89666p+7,0x1.2405fe066b184p+7
69,0x1.cf1108d03483p+5,0x1.b047904e41e13p+6,0x1.29ca749f94d6dp+7,0x1.270a3ffaf266p+7
70,0x1.cc1ecb74d38b3p+5,0x1.b8390037553edp+6,0x1.2ab275dbfef04p+7,0x1.2bbd7a9afaae8p+7
71,0x1.d79d578dd93a7p+5,0x1.bc73812aeae54p+6,0x1.2b652c95984cp+7,0x1.2ce366566cc59p+7
72,0x1.dcc93f2ff59b2p+5,0x1.c05c58a8cc16ep+6,0x1.2d53b31fd093p+7,0x1.2f206dab99f4ap+7
73,0x1.dd451639ed3fcp+5,0x1.c871e258721f7p+6,0x1.2f4ecce85c4c9p+7,0x1.33fe952a7f5a8p+7
74,0x1.e0d498041af8ep+5,0x1.ca942e322087p+6,0x1.2f3f9f67cc49bp+7,0x1.34a412ca92686p+7
75,0x1.e446a2e3e4d78p+5,0x1.cf1e197972892p+6,0x1.30aace1792bf4p+7,0x1.3728af382cd4bp+7
76,0x1.ded43427da222p+5,0x1.d3ba0706c582fp+6,0x1.2e5e8a8f02eb3p+7,0x1.390c1ecedc228p+7
77,0x1.d7775a53158edp+5,0x1.d8581ac22fde7p+6,0x1.2c46df1ab018p+7,0x1.3b3e5f59d03e2p+7
78,0x1.dc39ad6b7155fp+5,0x1.d7eb7c01afe6fp+6,0x1.2d601148cd604p+7,0x1.3afdb964be023p+7
79,0x1.e59c5bd015e61p+5,0x1.dd5d7d07ad4f9p+6,0x1.2e5953ac9a6ebp+7,0x1.3d1a7cd8422f9p+7
80,0x1.e62509c0612b8p+5,0x1.e2bc965f50531p+6,0x1.2f339def6b956p+7,0x1.401c0220152acp+7
81,0x1.e24999850491ep+5,0x1.e391d055c3194p+6,0x1.2f0ee09ebedb8p+7,0x1.40e367bae7078p+7
82,0x1.e1773f36f607dp+5,0x1.eb284ed149b3p+6,0x1.2e97abf5dd0aap+7,0x1.44916ba75d422p+7
83,0x1.da9e40138c792p+5,0x1.eb75866505291p+6,0x1.2c719270067e8p+7,0x1.4486e0dd06602p+7
84,0x1.d9774adbff902p+5,0x1.eeff9789e6ca7p+6,0x1.2c3439485e61p+7,0x1.46517a6588743p+7
85,0x1.d5b8fb5fb49ebp+5,0x1.f59380b4b227bp+6,0x1.2a57c9162b79ap+7,0x1.49319ef2e78d9p+7
86,0x1.d7c136a53aaefp+5,0x1.f4c066d245625p+6,0x1.2a44fd1020c9p+7,0x1.4885e92a8b31p+7
87,0x1.d7b6d0012c5f8p+5,0x1.fa53df5128f08p+6,0x1.2a06c9414b332p+7,0x1.4b3526019991ap+7
88,0x1.d83af45418f4p+5,0x1.fd71ee5f68942p+6,0x1.2a244704a81bap+7,0x1.4cc283b09e90dp+7
89,0x1.cea6cafeac24p+5,0x1.00c17647975b2p+7,0x1.2739ec791d68ap+7,0x1.4e905e00ff683p+7
90,0x1.d0bf546bec3dep+5,0x1.031c3cfb70acap+7,0x1.288e3c05e30cp+7,0x1.5145bfbe46611p+7
91,0x1.cb7482499a1bbp+5,0x1.03c4556c088a2p+7,0x1.26e6e4c79ecf3p+7,0x1.51c8a1fd564abp+7
92,0x1.c9eccadf6dadap+5,0x1.067abc499dd6cp+7,0x1.267c0f5407b15p+7,0x1.547b1de396cbap+7
93,0x1.c122de375d18cp+5,0x1.07addaef6b3dcp+7,0x1.2482307228b9cp+7,0x1.55c71e70d9545p+7
94,0x1.bf09ba4e4a0bbp+5,0x1.0a93327e5eb5bp+7,0x1.23bf9ffba09e2p+7,0x1.5891f6c3c93e3p+7
95,0x1.bf16ebf15aee7p+5,0x1.0ac1e8cc023ecp+7,0x1.238ac9516775bp+7,0x1.58a80009b28e6p+7
96,0x1.d7bfa50302c64p+5,0x1.0d22868c63c4dp+7,0x1.2a37c1126dc64p+7,0x1.5b421ae4361f6p+7
97,0x1.e22866b25b97ap+5,0x1.0e18a7546ea4bp+7,0x1.2c4cfba6677ffp+7,0x1.5bfdc9f803322p+7
98,0x1.f77a766fffe99p+5,0x1.0f8e16cedcf14p+7,0x1.3210c1caf23cp+7,0x1.5da421178048p+7
99,0x1.fdecdb51edc44p+5,0x1.1377ee72ef0d2p+7,0x1.3396f7e1d6e29p+7,0x1.6184218d10f2ep+7
100,0x1.0cfc0b98fe8a9p+6,0x1.136f5618664bep+7,0x1.3a450be020bbfp+7,0x1.61564ab38d049p+7
101,0x1.14b23831fc806p+6,0x1.168d0d1763524p+7,0x1.3e0382e18dc98p+7,0x1.64676ce89cadcp+7
102,0x1.1661fdb022383p+6,0x1.1624c65ebc5d4p+7,0x1.3f471db57f19ep+7,0x1.642e7f8aa96adp+7
103,0x1.24c10111ccfa8p+6,0x1.197aba102bad8p+7,0x1.464e2265f73f3p+7,0x1.6772a730a9082p+7
104,0x1.347f4c2a9b429p+6,0x1.1cb5f5d1de1c3p+7,0x1.4e309eeab25ebp+7,0x1.6aaf5ac1f6291p+7
105,0x1.42efe727c826fp+6,0x1.1c732f4b788d2p+7,0x1.560ab30367488p+7,0x1.6ab3b0740d3d2p+7
106,0x1.57b85ecf1add9p+6,0x1.2016ab3e2ca8fp+7,0x1.60674845e80c9p+7,0x1.6e53cf7e27e51p+7
107,0x1.5bafabc6c2ddfp+6,0x1.2107c78156705p+7,0x1.6273a1378320cp+7,0x1.6f4c42a38191fp+7
108,0x1.7477c26375d3dp+6,0x1.22af1af56575fp+7,0x1.6e9702e930904p+7,0x1.70d729c771de9p+7
109,0x1.7f42fe64921f9p+6,0x1.26608821db50dp+7,0x1.7438ea0c7ad44p+7,0x1.74a316bfa8149p+7
110,0x1.903d8602ffae3p+6,0x1.268d86c30d6cap+7,0x1.7c1d67501d009p+7,0x1.748cedee0c317p+7
111,0x1.a0c46f7f4c263p+6,0x1.29f94a85e7f1bp+7,0x1.843fbc965b3ebp+7,0x1.77ea2273c16eep+7
112,0x1.ac2c96dca6307p+6,0x1.2b17dba21b9e4p+7,0x1.8a5704ea43484p+7,0x1.79344eec474edp+7
113,0x1.c2568f3fa859cp+6,0x1.2b3c6e38076dfp+7,0x1.942baf4669564p+7,0x1.78cc14bf246cdp+7
114,0x1.d2ece6844befbp+6,0x1.2e8341dc3a4dap+7,0x1.9d7fb0e5835b1p+7,0x1.7c8751b3824c7p+7
115,0x1.db088bc4adeffp+6,0x1.2ddbeecc49a4fp+7,0x1.a278c8f8f1808p+7,0x1.7c47691f5dbf5p+7
116,0x1.ed288c0b97f5ap+6,0x1.31c186814cbc3p+7,0x1.abdd10d16a52ap+7,0x1.8053eb2c0ceaep+7
117,0x1.fdd5233e4df2p+6,0x1.3309b7ed00c2fp+7,0x1.b39e0d0bccc05p+7,0x1.81596ccefd68ep+7
118,0x1.08eb8532b23b6p+7,0x1.362fa31cedf8p+7,0x1.bcc51a2b05921p+7,0x1.841f1a5303ad3p+7
119,0x1.1001133a4cc61p+7,0x1.36f25df6ad9fcp+7,0x1.c427507f7e8bfp+7,0x1.85035608e27b1p+7
120,0x1.169f4502f6064p+7,0x1.398556c4c6e63p+7,0x1.ca96433ed57f5p+7,0x1.8781725be1c7dp+7
121,0x1.223c51bd6ac5ep+7,0x1.39d774f47f496p+7,0x1.d612bc4906c2fp+7,0x1.87c535683735ep+7
122,0x1.29193307fe9e8p+7,0x1.3bea6d6f6d6a1p+7,0x1.dd50821cc6adap+7,0x1.8a02c0978cc34p+7
123,0x1.33066695a565dp+7,0x1.3dacda361a7aep+7,0x1.e711c9abb140ap+7,0x1.8bb1dcfa54652p+7
124,0x1.3c635c4f24ed4p+7,0x1.3e13234fd121fp+7,0x1.f07725aa2cd07p+7,0x1.8c1bd67b9990ep+7
125,0x1.459d36b6aa6bbp+7,0x1.407e60459ce48p+7,0x1.f9e51b05e87cdp+7,0x1.8e9dfa624e86ep+7
126,0x1.4c3c4b5afb79bp+7,0x1.4117738e0be21p+7,0x1.005a5291f9085p+8,0x1.8f4c5a71f41dfp+7
127,0x1.52a67939ba096p+7,0x1.43e330edf9e28p+7,0x1.03afad26f569cp+8,0x1.923474f9401acp+7
128,0x1.5c5b8c4fc8254p+7,0x1.44abd90ad8d81p+7,0x1.09106f864c3dap+8,0x1.9374fc6a959ddp+7
129,0x1.6079896be1398p+7,0x1.459e05c10b4dap+7,0x1.0a79141f25db6p+8,0x1.93d3e4ac771d3p+7
130,0x1.69a1ee851d6b6p+7,0x1.45ff9b0f91e04p+7,0x1.0f4f38938e4d8p+8,0x1.946f06c2556dp+7
131,0x1.6e1b07aec9d85p+7,0x1.48d4692996c16p+7,0x1.11c104289b13dp+8,0x1.97745993bbdd9p+7
132,0x1.77934ca8ba04ap+7,0x1.4adbcf4a03448p+7,0x1.163e42df21c28p+8,0x1.994337830d7fep+7
133,0x1.7ed5d4ff313a8p+7,0x1.4a80a5502e898p+7,0x1.1b25e2a604f2cp+8,0x1.9a0a318b7398ep+7
134,0x1.83660d3a6d30ep+7,0x1.4d5a6e76bcf2ep+7,0x1.1de6216b51258p+8,0x1.9d4eb91421f33p+7
135,0x1.8bb24cf4942e2p+7,0x1.4f5bb9ec8a878p+7,0x1.2091ad052ad8cp+8,0x1.9e002195a7503p+7
136,0x1.94b4cccd71138p+7,0x1.51a783fa5ebaep+7,0x1.25230eef8ce28p+8,0x1.a05a961474776p+7
137,0x1.969f57c09d2e4p+7,0x1.52ae58a1ed106p+7,0x1.25b63045b93fdp+8,0x1.a109af361d98dp+7
138,0x1.9e89787e90832p+7,0x1.52b7b4fa1e066p+7,0x1.29595ac0b7be7p+8,0x1.a0ca5c51956d8p+7
139,0x1.9e4c604a1b7fp+7,0x1.57d90b49f91aep+7,0x1.2919c869b33f5p+8,0x1.a5ce639cbe37ap+7
140,0x1.a18140f8499d4p+7,0x1.543547bd7e2e6p+7,0x1.2ac167b35e7f8p+8,0x1.a236119f1c5ebp+7
141,0x1.a6c4fa9d40f35p+7,0x1.5844f92668d2p+7,0x1.2dded3764675ap+8,0x1.a6b2536506d58p+7
142,0x1.a783fa7554461p+7,0x1.59590a4234fc5p+7,0x1.2ede80135391dp+8,0x1.a8550eb844843p+7
143,0x1.aca2c7fa4f404p+7,0x1.5a87fed88e095p+7,0x1.309ceaf85ae3ep+8,0x1.a8cb26a50adf9p+7
144,0x1.ab6a50ac64ep+7,0x1.5d51add906218p+7,0x1.2fef74c7cb1ap+8,0x1.ab8542aef44fap+7
145,0x1.b00d9b222eb98p+7,0x1.5e39a2e6c495dp+7,0x1.324e90cdbff63p+8,0x1.ac78de3a5af9ap+7
146,0x1.b16878e461b76p+7,0x1.613a0d8a08094p+7,0x1.32d25fc7fd498p+8,0x1.af549c3ee5b92p+7
147,0x1.ae4cbb3c1cf4cp+7,0x1.6349889273cc3p+7,0x1.3130d6fd1a355p+8,0x1.b152c4c65985ep+7
148,0x1.acb6281f5b34ap+7,0x1.64614be2c1a34p+7,0x1.3099016b9813dp+8,0x1.b297bfcf1e44cp+7
149,0x1.a981181d1b1b4p+7,0x1.67f9496b41c41p+7,0x1.2eceab6bcac51p+8,0x1.b605b4f87e57ep+7
150,0x1.a81fcde761abfp+7,0x1.6946805275dacp+7,0x1.2e05596234b2cp+8,0x1.b73d39ccecf0dp+7
151,0x1.a5d1a364045cbp+7,0x1.6cac4542de894p+7,0x1.2cd602db162bep+8,0x1.ba9bbca2f5eb4p+7
152,0x1.a4560f9c16a13p+7,0x1.6dfa0a70c05dap+7,0x1.2c229a419576ep+8,0x1.bbf2a1c73a38bp+7
153,0x1.a2716b66fcf77p+7,0x1.71342c6ca807p+7,0x1.2afd0f517d75p+8,0x1.beffbbf20e904p+7
154,0x1.a0da4619cede4p+7,0x1.73289127addc9p+7,0x1.2a722ca639fdp+8,0x1.c12cfee1de058p+7
155,0x1.a05d88ec983dep+7,0x1.7580363777e3p+7,0x1.2a5de7e2d708dp+8,0x1.c3a9a6f2783ebp+7
156,0x1.9b54c86f0ada2p+7,0x1.795e3b4f242bep+7,0x1.27ff54676bea6p+8,0x1.c7a8e714a7de8p+7
157,0x1.9ab1a2fedcef7p+7,0x1.7c5c7e623d89fp+7,0x1.2799472c083c3p+8,0x1.ca952959ebcfp+7
158,0x1.982e41361d251p+7,0x1.7dae85fa79368p+7,0x1.262d106e35adp+8,0x1.cbc1cef7c4376p+7
159,0x1.94e0747d76608p+7,0x1.7fcd3153494c6p+7,0x1.24a9222a17807p+8,0x1.cdff3849a54d1p+7
160,0x1.916aa66d84e98p+7,0x1.8272fd15471aep+7,0x1.22c377cc363cep+8,0x1.d07f6c039899ap+7
161,0x1.8f61e0e0759eap+7,0x1.84453198eea1cp+7,0x1.21f18c2c328e2p+8,0x1.d27dfe05ed9b2p+7
162,0x1.90bccee1926fbp+7,0x1.8551febf27ad1p+7,0x1.22913e89c2404p+8,0x1.d37eb09739af6p+7
163,0x1.8d743d1ff2abp+7,0x1.87170cbb97cb6p+7,0x1.20d0ae95476bep+8,0x1.d52ae28d9f42cp+7
164,0x1.8ceb27382a05p+7,0x1.85cacf37858f1p+7,0x1.20d1bd54abb3ap+8,0x1.d41bd4f31e0cfp+7
165,0x1.8aba7dd5036fap+7,0x1.85ed590fee422p+7,0x1.1f598a1976b8ap+8,0x1.d3ea16f011bdep+7
166,0x1.8a58679eefe44p+7,0x1.8634f0eff5c5cp+7,0x1.1f42ee4a7fba2p+8,0x1.d448ec15ca0bp+7
167,0x1.8623de5a0d667p+7,0x1.8542ff3cf79cep+7,0x1.1d2b3c1e7bb09p+8,0x1.d3593d410fb94p+7
168,0x1.8553df83c57e2p+7,0x1.86b96e7909869p+7,0x1.1ca1c6aa8178ep+8,0x1.d4b241e8b4067p+7
169,0x1.8488e7a5469f8p+7,0x1.83b74345ea5cp+7,0x1.1c58a9c3a02d3p+8,0x1.d1c907cb00edcp+7
170,0x1.80f0d550f74a5p+7,0x1.8179d21b6d757p+7,0x1.1a707bcd59323p+8,0x1.cf72d8bd3e4c5p+7
171,0x1.7df25e11fd984p+7,0x1.8034ad8fe0ef5p+7,0x1.18e78f3bc9f54p+8,0x1.ce252f249ecaep+7
172,0x1.7a49bccd09152p+7,0x1.7e686e9cb18c2p+7,0x1.170aeaf7958b1p+8,0x1.cc519e3b2b658p+7
173,0x1.7a25e99ffffefp+7,0x1.7d3d603ab09f7p+7,0x1.16bfa47e8f8eep+8,0x1.caf4220f3a156p+7
174,0x1.7769e80ba6d8p+7,0x1.7b0f6f12e7db7p+7,0x1.15aeb15f0538cp+8,0x1.c909ee263dd5fp+7
175,0x1.751b01d73053dp+7,0x1.76eaaeacda9b8p+7,0x1.148fc7151f355p+8,0x1.c4ecae7756f46p+7
176,0x1.726c662396a5cp+7,0x1.74b847c1bd37bp+7,0x1.1333748e0a5dap+8,0x1.c2b5de295719bp+7
177,0x1.6f5adef793b36p+7,0x1.70ea52da9ba91p+7,0x1.11af4f0c18214p+8,0x1.beebf872c9f8dp+7
178,0x1.6b7ad4bfe9772p+7,0x1.706d0ede4a56ep+7,0x1.0fb68869be4bcp+8,0x1.be6701e414db5p+7
179,0x1.668db1dee0bd5p+7,0x1.6c8c75933c00ap+7,0x1.0d3583577447cp+8,0x1.ba7d3864d48a2p+7
180,0x1.6848c6c3c118ap+7,0x1.6add5d70386a7p+7,0x1.0e0566713d6adp+8,0x1.b8c21f6cd8d4p+7
181,0x1.63d4f88f0cd27p+7,0x1.67281b1108ec7p+7,0x1.0bef49b87996dp+8,0x1.b52c53e4dbe4bp+7
182,0x1.61bdab66efbe4p+7,0x1.64eaa31929b7dp+7,0x1.0aeb82984fd66p+8,0x1.b2f5c7c095ffp+7
183,0x1.5f2a10794bc85p+7,0x1.6187d7f8a361dp+7,0x1.09a432dc76545p+8,0x1.af952d446e512p+7
184,0x1.5b08064037da7p+7,0x1.5f707e34981dcp+7,0x1.079a36f543f9ep+8,0x1.ad8402fb3cbb4p+7
185,0x1.5a09f76816249p+7,0x1.5dabcacef153ap+7,0x1.071ea6e75a7fap+8,0x1.abc25bb018352p+7
186,0x1.577f98031186bp+7,0x1.5aadd8ce5aafap+7,0x1.05e5b6970257cp+8,0x1.a8cf2e110eb64p+7
187,0x1.54b227c5faf5p+7,0x1.58ad87b4dae02p+7,0x1.04c89a1b9827fp+8,0x1.a70f92cd4c59bp+7
188,0x1.554ac04a17acbp+7,0x1.55254529cc5f7p+7,0x1.05adbbe150752p+8,0x1.a40f8cf5ef147p+7
189,0x1.5049d504fbd88p+7,0x1.54432edb6efa5p+7,0x1.032ff0cc7ee68p+8,0x1.a330956e04682p+7
190,0x1.4f86a59e1fc14p+7,0x1.51ae4cbcef15ep+7,0x1.034692f38ab0cp+8,0x1.a106271b8b7b4p+7
191,0x1.503f702c9a2p+7,0x1.501576eaf23f4p+7,0x1.02e21332df555p+8,0x1.9ec2088c16712p+7
192,0x1.4f66f84c0892p+7,0x1.50387c88f2052p+7,0x1.020dda6c226f4p+8,0x1.9e88ef142422cp+7
193,0x1.4ee3296a04abfp+7,0x1.4a6cb44834382p+7,0x1.01a85dd351eb4p+8,0x1.989d75143dd78p+7
194,0x1.4a9b323e51882p+7,0x1.495e82bf874e1p+7,0x1.fee0103f7174cp+7,0x1.977d45fe07cefp+7
195,0x1.47008db54ab56p+7,0x1.48139d58d736dp+7,0x1.faff8ea158df4p+7,0x1.9613772773fb3p+7
196,0x1.45232dea04cb6p+7,0x1.456fe844e71ccp+7,0x1.f8fb16b72d376p+7,0x1.935e6a8c75d1ap+7
197,0x1.42f7a9090e048p+7,0x1.432a830841b42p+7,0x1.f64dceba97ce2p+7,0x1.90dfed9e6b195p+7
198,0x1.3d0c7e243635ep+7,0x1.3ffab91a358c6p+7,0x1.f0da3cc24c849p+7,0x1.8de4aa8dbe74p+7
199,0x1.3b14d12dd143bp+7,0x1.3fc8ec92dfe2bp+7,0x1.ee1982092f367p+7,0x1.8d5a791864f0cp+7
200,0x1.35ad6a50dd151p+7,0x1.3d0b23eaa860bp+7,0x1.e8f6d57c47fbep+7,0x1.8abae41aeb439p+7
201,0x1.33c2afbe199bp+7,0x1.3ae8bc7af2e65p+7,0x1.e7b55a16e4592p+7,0x1.88e2e0b4a2b4cp+7
202,0x1.320af44e89707p+7,0x1.390c133a5244fp+7,0x1.e5e02f6ddeb8ep+7,0x1.86f946ddef27fp+7
203,0x1.2f547a1e2f13cp+7,0x1.361b4fb6f4018p+7,0x1.e342c86948bcap+7,0x1.841388c936b24p+7
204,0x1.2dd5de2cfab12p+7,0x1.35ad8a92d4f7ep+7,0x1.e210a3922642dp+7,0x1.83c760038650bp+7
205,0x1.2c7d626c31f3p+7,0x1.311192a98bc87p+7,0x1.e082b7aced377p+7,0x1.7f13ead03179cp+7
206,0x1.2bc4f2dfd6826p+7,0x1.30d0170c564bcp+7,0x1.e002ba85b1a7fp+7,0x1.7eeb3effdbbb7p+7
207,0x1.258c9fc2d5fdap+7,0x1.2d10540127166p+7,0x1.dbd424c9c8644p+7,0x1.7c10d200ed571p+7
208,0x1.275a5d13c4abp+7,0x1.2c5e013261731p+7,0x1.dcb7dd642bf97p+7,0x1.7af7a1b10cb0dp+7
209,0x1.24c5771f190e4p+7,0x1.2af9619d904ebp+7,0x1.da529b70c4825p+7,0x1.79a7f2fdd86f9p+7
210,0x1.21c0746fc3db9p+7,0x1.267ede583d40ap+7,0x1.d9f23424372eep+7,0x1.765b57c0574d7p+7
211,0x1.1f830ef10a058p+7,0x1.2770917c3f289p+7,0x1.d69fb72824debp+7,0x1.76d337c3d7ff4p+7
212,0x1.1c86bc11bd2c1p+7,0x1.23bd743f061cdp+7,0x1.d276f1cc8ab1ap+7,0x1.729a331a4f125p+7
213,0x1.1769280ac1d7cp+7,0x1.24e88788db21cp+7,0x1.cf9e2728553f6p+7,0x1.74c7395642696p+7
214,0x1.0ec337d6d40ddp+7,0x1.210578ef1f442p+7,0x1.c7baf0e453e13p+7,0x1.713a6ee3fb02fp+7
215,0x1.0a2f6a874568ap+7,0x1.1f780c83c049dp+7,0x1.c2e1f64e75b4ap+7,0x1.6f8e657c3fb63p+7
216,0x1.05531ecd41b98p+7,0x1.2185f3f0b9672p+7,0x1.bc3ef8df2f562p+7,0x1.70d27988aec04p+7
217,0x1.ff18bd2c5ea98p+6,0x1.1e5bb9d79592ap+7,0x1.b884df410b5e4p+7,0x1.6e9178939a303p+7
218,0x1.0030263b782f6p+7,0x1.204acdc4d49bp+7,0x1.b8f4fdc487d0ap+7,0x1.70695d9598996p+7
219,0x1.f55bcb5818a3ap+6,0x1.1de0b96020ccep+7,0x1.b57fd853f3ae3p+7,0x1.6ee8b8471ac12p+7
220,0x1.f6c95b451c0c8p+6,0x1.1dea7472e36e9p+7,0x1.b42df28210dc4p+7,0x1.6e0af7801fc3dp+7
221,0x1.efa5893e67a25p+6,0x1.1b8f75aa82fbbp+7,0x1.b1f7bf115f558p+7,0x1.6c4aa62c9b15cp+7
222,0x1.e40871e7bfd8ep+6,0x1.1a0cda79d18c9p+7,0x1.acf3ec6a3511p+7,0x1.6b224323efcabp+7
223,0x1.e52c5e27cb9e3p+6,0x1.18b2f39787b06p+7,0x1.ae87be3925cdap+7,0x1.6a3ac88b79444p+7
224,0x1.da449fa611fbbp+6,0x1.18dd3e37e104ep+7,0x1.aa6b7269ba90ep+7,0x1.6afdbbc81efb2p+7
225,0x1.da957016ded2ep+6,0x1.18462e54815cfp+7,0x1.ab3799dba3c07p+7,0x1.6aafaba6b1251p+7
226,0x1.d4263528b4c5ep+6,0x1.18bfe67c812e6p+7,0x1.a707b15c7aa15p+7,0x1.6aba95739db3bp+7
227,0x1.ca075ed49c79ep+6,0x1.17ab6f759b402p+7,0x1.a1e0eccbfee93p+7,0x1.699c08995476dp+7
228,0x1.bf4026603cdc6p+6,0x1.1713b496bd5cp+7,0x1.9a2dfb43673f1p+7,0x1.67fe55cc0b7bfp+7
229,0x1.bac9ac7804373p+6,0x1.1805ef0bd9ec2p+7,0x1.98cb6eb5fdfacp+7,0x1.695012f42613ep+7
230,0x1.abfe05857c3f6p+6,0x1.18ee96077f0f8p+7,0x1.91b762c88c7e5p+7,0x1.6a5d16b8208f3p+7
231,0x1.a5587a689184ap+6,0x1.1749dc53de4f7p+7,0x1.903035be5e599p+7,0x1.69847b9e46acep+7
232,0x1.993f956a480acp+6,0x1.196b3ea873a46p+7,0x1.8bec6389c822bp+7,0x1.6c70b6f6f26b2p+7
233,0x1.8e0bfbce1252p+6,0x1.18fc614a7d3c2p+7,0x1.85a02bca2f9d4p+7,0x1.6bb2a7160983ep+7
234,0x1.84d62b357bccp+6,0x1.17bd0223fe3f8p+7,0x1.83c4e2cfebe9p+7,0x1.6baba6376a7f2p+7
235,0x1.78e6ff3b81652p+6,0x1.186a1630a3bc4p+7,0x1.7d3d5ffc1136fp+7,0x1.6c19166dee101p+7
236,0x1.708197c3a223p+6,0x1.16f2ab5cfd2cap+7,0x1.7996e7afae2cp+7,0x1.6adfa312a9223p+7
237,0x1.68daa80d48816p+6,0x1.17bb99648f1dbp+7,0x1.74f62bd01b2f5p+7,0x1.6b4d7f34c3349p+7
238,0x1.696df7bd40a89p+6,0x1.17b265af0e5e1p+7,0x1.7663611b3a4d4p+7,0x1.6bc5fc3191ddap+7
239,0x1.6ed71c61bcab3p+6,0x1.1511ec4746694p+7,0x1.795393242cb74p+7,0x1.693ffcfcd4ab4p+7
240,0x1.736275aee7605p+6,0x1.1817c12766841p+7,0x1.79919aa71d33ep+7,0x1.6b5eedb939317p+7
241,0x1.763df506a2802p+6,0x1.13f8cd9fdd953p+7,0x1.7b76f66396f0fp+7,0x1.6775304f2840dp+7
242,0x1.801d03cacffa8p+6,0x1.1537965ed0a7dp+7,0x1.81e4d79892685p+7,0x1.695d9e58e9991p+7
243,0x1.8e2ae1dc12cf2p+6,0x1.12ab9c7f11d05p+7,0x1.87eefa8129803p+7,0x1.66619b80ee2fbp+7
244,0x1.a0ea331168f1ap+6,0x1.108846192bf92p+7,0x1.91572a59b9fd4p+7,0x1.64423a9e432ccp+7
245,0x1.af2e56a29de25p+6,0x1.0e4898067825p+7,0x1.99567797a7f7p+7,0x1.6264923ebe26ep+7
246,0x1.bc00cb67affc7p+6,0x1.0abdcf7ebdde4p+7,0x1.a03943d25ddeep+7,0x1.5f0f58814221cp+7
247,0x1.cb5cda32a6541p+6,0x1.0af9b09bbd282p+7,0x1.a80264eb45213p+7,0x1.5f57b407b7262p+7
248,0x1.db804295cb015p+6,0x1.08d9d505d14bbp+7,0x1.affcc8789a1f8p+7,0x1.5d2d87985f481p+7
249,0x1.e5808dd15b35fp+6,0x1.076abdc9fabaap+7,0x1.b4ef927c548fep+7,0x1.5bb8cdb1b145p+7
250,0x1.f86b1af736953p+6,0x1.04dd286ffd34ep+7,0x1.bd71f6d7bddd5p+7,0x1.58beeb736f0fep+7
251,0x1.0359523db9d74p+7,0x1.03267bfa5e468p+7,0x1.c4ae0ac3f38afp+7,0x1.57134c0b36d6ap+7
252,0x1.09c3d52f4fa56p+7,0x1.02a95b66500fp+7,0x1.c9c5384bc9b1cp+7,0x1.55ff5d0dce05p+7
253,0x1.139662b8a7f45p+7,0x1.00cf262ebbc01p+7,0x1.d23ded0c9c07bp+7,0x1.538ba0857343dp+7
254,0x1.18f8ffcb39321p+7,0x1.fbae2bbf4357dp+6,0x1.d954725ad7862p+7,0x1.5154a9d85a4ccp+7
255,0x1.1d4d5f33726bp+7,0x1.f85e5f89f4dd1p+6,0x1.df7d9d38e68b6p+7,0x1.507d7062770a9p+7
256,0x1.289aec372a481p+7,0x1.f4af19a71f7a9p+6,0x1.eb4cb82e4eaa2p+7,0x1.4edfb92c7042bp+7
257,0x1.289e87f032c27p+7,0x1.f350e04667638p+6,0x1.ec04ec838c443p+7,0x1.4e7fa0adf401dp+7
258,0x1.340b5b522d358p+7,0x1.ee66504915459p+6,0x1.f571289c70817p+7,0x1.4b27fdea0832bp+7
259,0x1.3ac677b888e6dp+7,0x1.ee753d6950285p+6,0x1.fbbddd9f20ce1p+7,0x1.4afdd800d8cdcp+7
260,0x1.3e93127feb87ep+7,0x1.e9692534e709fp+6,0x1.00d33b1b70e08p+8,0x1.4967c5e1f31dcp+7
261,0x1.4882cc1a0b515p+7,0x1.e4ed87ffb4831p+6,0x1.05694323bc134p+8,0x1.46d2a8f871dc8p+7
262,0x1.4a68b5b13cabfp+7,0x1.e1d3db8816ccfp+6,0x1.06307df35f674p+8,0x1.451f780ee26e7p+7
263,0x1.54d8dc2227961p+7,0x1.dd2525c7a4dbbp+6,0x1.0b46d33ea9f1p+8,0x1.42a9fb6a0bc5cp+7
264,0x1.58777fcdfe115p+7,0x1.dc963b82e0989p+6,0x1.0cf92cc84d0ccp+8,0x1.4248e7db358cdp+7
265,0x1.5b3822d50e113p+7,0x1.d9da9e54fd70bp+6,0x1.0ee4ea9578f77p+8,0x1.4166f4d4a9afp+7
266,0x1.5b9cb643b3e84p+7,0x1.dd17542ca686dp+6,0x1.0e9566d29f3f7p+8,0x1.4291ed0ca7b08p+7
267,0x1.5de02955a7ad4p+7,0x1.dce127af3f29ap+6,0x1.0f0636ee6617ep+8,0x1.41d98328606b2p+7
268,0x1.5ff83af1ce1fcp+7,0x1.df3f6499942a4p+6,0x1.0fee3106086f7p+8,0x1.42e86190ae642p+7
269,0x1.614fbbf0fa952p+7,0x1.dfeb16d93d3ccp+6,0x1.1184428e8f7dcp+8,0x1.440e820f4203ep+7
270,0x1.65649ff46f67bp+7,0x1.dcecc6357b0d8p+6,0x1.139794bfda977p+8,0x1.42972bc902f6ep+7
271,0x1.65f0e9b711e5ep+7,0x1.e52540f3b4e82p+6,0x1.13874836f212ep+8,0x1.46669148c8352p+7
272,0x1.608deba57116p+7,0x1.e1cbbf418c098p+6,0x1.1150e9fe5d19p+8,0x1.45272c4e217aep+7
273,0x1.5f153e95991fcp+7,0x1.e7ecb3f64fafcp+6,0x1.111081c585ba7p+8,0x1.48a5f88c7f188p+7
274,0x1.58528437c656cp+7,0x1.eda697654db15p+6,0x1.0d481e8aa5ae2p+8,0x1.4b27b0c8a29d2p+7
275,0x1.564a6a5a8bacep+7,0x1.f30116eec9fcep+6,0x1.0c3a6cd1e1fd4p+8,0x1.4dcc475a2e8aep+7
276,0x1.52394453443e4p+7,0x1.ffb441d52b67p+6,0x1.095bd18c1514p+8,0x1.5368b55a7ca42p+7
277,0x1.4c6b85b6066f2p+7,0x1.01b05933659bbp+7,0x1.05ae9bbf9c9bep+8,0x1.548cfc2614b92p+7
278,0x1.49ef636fdef6ep+7,0x1.07888349ccb9ep+7,0x1.053fe28a18e08p+8,0x1.5b1e10f053c48p+7
279,0x1.404ee969ba168p+7,0x1.09bd064d56f7cp+7,0x1.00c5dc93d0f1p+8,0x1.5d9df1406ffbap+7
280,0x1.420912bae6472p+7,0x1.0c7d9709ac56fp+7,0x1.010ab985ce355p+8,0x1.5fd87107c0cefp+7
281,0x1.371414980304cp+7,0x1.13412744c0994p+7,0x1.f72a64eb00212p+7,0x1.66a13397d3502p+7
282,0x1.3482fd8dc8e52p+7,0x1.14188a8710754p+7,0x1.f709ad2e60b48p+7,0x1.688cdc3e1e06p+7
283,0x1.29760613f3d54p+7,0x1.1c1a6d72dacf2p+7,0x1.eb9af57d36e38p+7,0x1.70637c56fbc7cp+7
284,0x1.28d2a9e6cd996p+7,0x1.1ee1cc01e2cfap+7,0x1.eaf1f82dd4136p+7,0x1.73284e72c59aep+7
285,0x1.20bc939d627cbp+7,0x1.21fcb9e73c4c9p+7,0x1.e263535fa3fb9p+7,0x1.760e6095f1e1dp+7
286,0x1.1bb7410c64523p+7,0x1.2454aafc96157p+7,0x1.df306074959d6p+7,0x1.79347fbdb3e99p+7
287,0x1.17440d271cd5fp+7,0x1.2438a173c04c1p+7,0x1.d8512145310f9p+7,0x1.7805c70b6caacp+7
288,0x1.140c9bdb1f235p+7,0x1.27183539d42bp+7,0x1.d56bf5c9ebbf9p+7,0x1.7b0a3afedd91p+7
289,0x1.121dd82ef23edp+7,0x1.25ce0c9a4c6p+7,0x1.d1faebb66dd05p+7,0x1.791440212d5p+7
290,0x1.11274f92dc971p+7,0x1.2384db4f27558p+7,0x1.d0e1366d2368fp+7,0x1.76bafcef8bd7ap+7
291,0x1.09a804d3d72b1p+7,0x1.20ca603e135a4p+7,0x1.ca7637e8b3d92p+7,0x1.747b8a9569f3cp+7
292,0x1.058698dfe559ap+7,0x1.1e1522a5f6fc1p+7,0x1.c7047b201aa66p+7,0x1.72147e032e351p+7
293,0x1.02e9d0324a943p+7,0x1.1cf67da5844b2p+7,0x1.c3f56c1f5d732p+7,0x1.70c2ec925f994p+7
294,0x1.f99ec677aed4p+6,0x1.1a113b463be6p+7,0x1.bbf827aecc2cbp+7,0x1.6d08bb9c41eadp+7
295,0x1.f2400383966b5p+6,0x1.164cbf9cc9758p+7,0x1.ba9a3efd2b7a2p+7,0x1.6a4a6b3437b56p+7
296,0x1.e85922c2ff4dfp+6,0x1.13215474dfdep+7,0x1.b593b926a29d1p+7,0x1.6717af9188e5cp+7
297,0x1.db94fb8918032p+6,0x1.105d876c50147p+7,0x1.af66810aa7a2cp+7,0x1.6469ed1608facp+7
298,0x1.d69eed55f7a45p+6,0x1.0cefe46570693p+7,0x1.ad2ad7c388434p+7,0x1.61189693cb295p+7
299,0x1.c3bc9901a29d1p+6,0x1.0a916e619b4afp+7,0x1.a3e069dcfff98p+7,0x1.5ecaff9e64b51p+7
300,0x1.c148afba02f3ap+6,0x1.0646aa9376743p+7,0x1.a37dce0f147cap+7,0x1.5adfb8a816d3fp+7
301,0x1.bad75de3233cfp+6,0x1.03f164ca306a4p+7,0x1.9ed76a7c9341cp+7,0x1.57e87d90dfb06p+7
302,0x1.b1de6833dfb01p+6,0x1.00a7a2079081fp+7,0x1.9af271e61028p+7,0x1.54e15e8e9fc24p+7
303,0x1.b14c0db18aea2p+6,0x1.fd306b855701ap+6,0x1.994afe9810935p+7,0x1.5236ad3b8f10ap+7
304,0x1.a6c0e5049284fp+6,0x1.fa9ae25d5c648p+6,0x1.938dec304e709p+7,0x1.50b6f65602628p+7
305,0x1.9fa3d026f79eap+6,0x1.f90ad2012508bp+6,0x1.8fc6933e4df52p+7,0x1.4fd56056416ebp+7
306,0x1.9775488e3be8ep+6,0x1.f9e6b37d19cb4p+6,0x1.8d37a8ce1e58p+7,0x1.50f1deaa0b866p+7
307,0x1.99cb7f1b2d172p+6,0x1.fe986f09b7ffcp+6,0x1.8c3afa15508e3p+7,0x1.525595ca3bceep+7
308,0x1.9c1a718011489p+6,0x1.fd12ae02805e4p+6,0x1.8e87f356fd9f2p+7,0x1.5214d7ec561cap+7
309,0x1.a0fb42b833494p+6,0x1.ffeff807b04d6p+6,0x1.905d789c8f362p+7,0x1.533ec0349a2f8p+7
310,0x1.a7660d7954458p+6,0x1.ffd78bf2eac9cp+6,0x1.925bcf30ba3a6p+7,0x1.52a90ff590b1ap+7
311,0x1.ab390c4e6d5acp+6,0x1.ffeff01e649bcp+6,0x1.953566c0de30ep+7,0x1.531f986980cdap+7
312,0x1.b14c2646ba27bp+6,0x1.00731fa171e82p+7,0x1.975bcaf2a6ee8p+7,0x1.5335b43d6be66p+7
313,0x1.b4968d3d69e3ap+6,0x1.0007c511d5b62p+7,0x1.9936a38ca6ae8p+7,0x1.52e285920d02ap+7
314,0x1.b8b1596b0c6b4p+6,0x1.fed181e700be2p+6,0x1.9c2e0d8281391p+7,0x1.52ab0c89575dfp+7
315,0x1.c8ecae00a68cfp+6,0x1.fb2a23a3a4c92p+6,0x1.a60076a0d45a2p+7,0x1.519961e564f0ap+7
316,0x1.d0759ca8834cfp+6,0x1.fb8f1e6a5469cp+6,0x1.a83cf53d48172p+7,0x1.511de7cb83c56p+7
317,0x1.e204d362968b6p+6,0x1.fa311912718d9p+6,0x1.b02de948d95d1p+7,0x1.500f94075e102p+7
318,0x1.f0bd5b7091d38p+6,0x1.fa74a17e133c8p+6,0x1.b7af10c127651p+7,0x1.50412f4b52c9p+7
319,0x1.f8e303d34b906p+6,0x1.f88c6b6964ceep+6,0x1.bc0e0fab98e56p+7,0x1.4f6f6862c1998p+7
320,0x1.040782a379dc1p+7,0x1.f574885082047p+6,0x1.c408c0969e53dp+7,0x1.4e107bd454973p+7
321,0x1.098a17e2b05cbp+7,0x1.f2873574825bbp+6,0x1.ca7b5c6900fa9p+7,0x1.4d0488257aa6ap+7
322,0x1.101670c5fba85p+7,0x1.eebb604e555b6p+6,0x1.d15cfb17b3541p+7,0x1.4b4421f5e38dcp+7
323,0x1.17053c991e8b2p+7,0x1.e5f451e44a8e1p+6,0x1.d7e9bf60dd74p+7,0x1.46b4f80da40c2p+7
324,0x1.1bcd80141e01dp+7,0x1.dd47a1932ee95p+6,0x1.db492009e396ep+7,0x1.41bec4d1ed3dap+7
325,0x1.210b9e95b45ffp+7,0x1.d1ff8cbc3115ep+6,0x1.e08882a87e8eep+7,0x1.3c1a7249163fdp+7
326,0x1.2813910f1bb2dp+7,0x1.c8190039d65eep+6,0x1.e8a655d999e85p+7,0x1.37a2f629a5881p+7
327,0x1.2a51ac15a65a4p+7,0x1.c14fe858d27ddp+6,0x1.ebc38cdb5f53ap+7,0x1.34a126fec062p+7
328,0x1.2d1dfb7e96ceap+7,0x1.b206418a62433p+6,0x1.eeffece9314fbp+7,0x1.2d2e311862c16p+7
329,0x1.2fccf274426cdp+7,0x1.ac6e9822e935ep+6,0x1.ef50273b234e3p+7,0x1.2954da09f95bfp+7
330,0x1.303cbc7b7300dp+7,0x1.a4bbacf7c5981p+6,0x1.f119dd848cff3p+7,0x1.2615834ea095cp+7
331,0x1.31e8ad0bda3p+7,0x1.a1649c37092d2p+6,0x1.f3e96bc6f3ecep+7,0x1.24eb1267b1528p+7
332,0x1.3316b0e04fcdcp+7,0x1.a3b2873dd4c8ap+6,0x1.f221bfee454b8p+7,0x1.24c191c0462a4p+7
333,0x1.36c0e8728ffcp+7,0x1.a61a912bc9378p+6,0x1.f3dbdf5198571p+7,0x1.25192fc63e5a7p+7
334,0x1.388d71c282634p+7,0x1.aa1631a068c12p+6,0x1.f3b1689aac627p+7,0x1.2637756c858ap+7
335,0x1.3841e94414853p+7,0x1.ae2fd9caecbcfp+6,0x1.f72344a4bf7b2p+7,0x1.29ed8f033fb4fp+7
336,0x1.38819765e4e2cp+7,0x1.ae25f0a02301bp+6,0x1.f97368820b386p+7,0x1.2ad382c355501p+7
337,0x1.3869276dd3f68p+7,0x1.af82406634f18p+6,0x1.f9d0b901a40dp+7,0x1.2bb5c3bf91592p+7
338,0x1.3a7d4c8a094bp+7,0x1.b4f69cf39a878p+6,0x1.fc73803a4b4ap+7,0x1.2eaf97f41032ap+7
339,0x1.3a2adb3b1627ap+7,0x1.b53e8e1a08403p+6,0x1.fcfba403cdafep+7,0x1.2f350a9580dacp+7
340,0x1.3c4338ae0fcc7p+7,0x1.bb15fb9238614p+6,0x1.000aae1b149cp+8,0x1.329349ca22e04p+7
341,0x1.3b5fdbc4c3ef8p+7,0x1.bd80790d16f4p+6,0x1.fe92915dccca6p+7,0x1.33818f4c6119bp+7
342,0x1.3f745ea799d8bp+7,0x1.c1ae338fc1da5p+6,0x1.01d9a14f892b4p+8,0x1.360fd81cd81aep+7
343,0x1.3ead298d45d2fp+7,0x1.c689b469b5697p+6,0x1.00f99d395d169p+8,0x1.380eaf68320b9p+7
344,0x1.424daaf19aa2p+7,0x1.c81914790ae19p+6,0x1.02ca9e7988fcfp+8,0x1.38d69531ad2c9p+7
345,0x1.41dc1c1a312ddp+7,0x1.ce205f9bc7a24p+6,0x1.02ab38e232252p+8,0x1.3bf0a3d3ccfe5p+7
346,0x1.425bfd153087ep+7,0x1.d109ba80d44fdp+6,0x1.0228f4d3f6eaap+8,0x1.3cb89cde251ep+7
347,0x1.468f28fcebbf5p+7,0x1.d5377e78fc0b5p+6,0x1.0376967877b47p+8,0x1.3e1bd18f2da46p+7
348,0x1.43f13dc3f8b8ep+7,0x1.d7777ede49a72p+6,0x1.02a1c31b7fc3fp+8,0x1.3fa731cecd77ap+7
349,0x1.44afdef8c6e56p+7,0x1.db15bddd83ff2p+6,0x1.03ac6f5b8c596p+8,0x1.420f212a259bep+7
350,0x1.466c2199f5949p+7,0x1.df4e6d5eb9d07p+6,0x1.047d8ff4dfa4bp+8,0x1.441fa8889db6cp+7
351,0x1.493c4282dfbf1p+7,0x1.e003a03e3d8d5p+6,0x1.05bf9bde25e3ep+8,0x1.445863dd41625p+7
352,0x1.4cca6819dc2a2p+7,0x1.e2a371001b881p+6,0x1.073b4a7833dbep+8,0x1.456595b702535p+7
353,0x1.4c89ffd5d62d9p+7,0x1.e18a9ea231a91p+6,0x1.0725391c60ba4p+8,0x1.44e1f7d56a7fcp+7
354,0x1.4edfc1e43e323p+7,0x1.e1e1ef35b1959p+6,0x1.087179766b152p+8,0x1.452af26527352p+7
355,0x1.49756ebc27785p+7,0x1.e5171b08a358ep+6,0x1.068c19429dd42p+8,0x1.477d6fb721552p+7
356,0x1.4f37e643eb1c9p+7,0x1.e65ebc00e7fc9p+6,0x1.082cd7a8d4de6p+8,0x1.4704d57a31712p+7
357,0x1.4c6a37d7a2b7p+7,0x1.e941339cf05b7p+6,0x1.074874aa08db8p+8,0x1.48ea920bffd2ap+7
358,0x1.4e0dec1ee3354p+7,0x1.e9be3c495969ep+6,0x1.08016f7189a78p+8,0x1.4912f06ee03a7p+7
359,0x1.4f7bbda5a55ffp+7,0x1.e9b0272191693p+6,0x1.089194b1c7dcep+8,0x1.48ea01ad039c3p+7
360,0x1.4e50c020bd43ep+7,0x1.e982101a99d5cp+6,0x1.0843195794e8dp+8,0x1.491135ad997aep+7
361,0x1.4da4c3341ac96p+7,0x1.e84394a99af1ap+6,0x1.08632031425aap+8,0x1.48db4c09a441fp+7
362,0x1.4f3aa3ebb6c6ep+7,0x1.eb39c6f9ca857p+6,0x1.095eff0c3ed36p+8,0x1.4a81e6216d879p+7
363,0x1.4fcc49726da78p+7,0x1.e8bb3325af2aep+6,0x1.092923dd02e28p+8,0x1.48d28cb3a147p+7
364,0x1.4eaf09e5375d4p+7,0x1.ec66995028224p+6,0x1.096803bae9324p+8,0x1.4b5e03bd57377p+7
365,0x1.509f5a42a9532p+7,0x1.eb2ce99d286fap+6,0x1.0acb16ff23436p+8,0x1.4b20fe88aafedp+7
366,0x1.4e85240807dcfp+7,0x1.eb9c0e6a285b7p+6,0x1.0a8e879a8d4d6p+8,0x1.4c114eeb672f1p+7
367,0x1.504f22b663c6ep+7,0x1.ef9d2e0aebb6ep+6,0x1.0a60859c5464p+8,0x1.4d1d75d1b40d4p+7
368,0x1.4c3d8dd2a5e69p+7,0x1.eca4d02e46727p+6,0x1.0858019a1b5f6p+8,0x1.4ba1b46b689b6p+7
369,0x1.4ad3999e16efdp+7,0x1.ef6edde9c893fp+6,0x1.077ed9096f538p+8,0x1.4ce64515d8f44p+7
370,0x1.48566994de76dp+7,0x1.ef6985e454525p+6,0x1.06117e6b6da75p+8,0x1.4cbad3f8224c1p+7
371,0x1.42dfb7edbd39p+7,0x1.f44088d3ba2d2p+6,0x1.03078a06d1e1dp+8,0x1.4edffd82c9bffp+7
372,0x1.4153c1c1a5b9cp+7,0x1.f201ed4bc73ccp+6,0x1.01d32c9bf5b1cp+8,0x1.4d5ef45eb9fc4p+7
373,0x1.3aee944682735p+7,0x1.f7bdd87bc45b5p+6,0x1.fda0023e65a6ep+7,0x1.5066af999e7c7p+7
374,0x1.34f3c1677249p+7,0x1.f847ce23733f4p+6,0x1.f78193f8459aap+7,0x1.509ab5934fc74p+7
375,0x1.30609a74dc69cp+7,0x1.f7d7f92ea5c76p+6,0x1.f3da13c5fa50ep+7,0x1.50cc79635703p+7
376,0x1.2cfa149f0b2a7p+7,0x1.fba84816ecc23p+6,0x1.ee5bcb4874099p+7,0x1.51c6d466494cap+7
377,0x1.2a50ee9eb0e4dp+7,0x1.f6df7a82f2f84p+6,0x1.ec9697afa983fp+7,0x1.4fc7acde1f9dcp+7
378,0x1.2709f1cfb8942p+7,0x1.f9bb04f004d61p+6,0x1.eaa88966066aep+7,0x1.51ce9e7e9f3b3p+7
379,0x1.20f2e29b90714p+7,0x1.f7e98c35871a4p+6,0x1.e4b1b27759a5dp+7,0x1.50f3f02208435p+7
380,0x1.1d57694f308dep+7,0x1.fab5389db05ccp+6,0x1.df41683cd4eaep+7,0x1.5189da09b5bb2p+7
381,0x1.1a234b39fbbfdp+7,0x1.f8ad00f899501p+6,0x1.dbdc849b90196p+7,0x1.506fb4ac03cf2p+7
382,0x1.14785e6f34e92p+7,0x1.f93f3cc89c47fp+6,0x1.d83a4a7eb9193p+7,0x1.519ff4751fa0fp+7
383,0x1.122f4f2717fap+7,0x1.fa9eedd4f236cp+6,0x1.d4880b7973a8fp+7,0x1.51afa7c6fc151p+7
384,0x1.0eac8051ed35dp+7,0x1.f93776f5f73cep+6,0x1.cd217e0a69f5fp+7,0x1.4f41ae1ccb0d1p+7
385,0x1.09462c964d147p+7,0x1.fd0ea27fbbbf2p+6,0x1.c89b0ffb5b8ep+7,0x1.5190364f7dafdp+7
386,0x1.04d3d331470fcp+7,0x1.f6839325d41fcp+6,0x1.c4b94e1694ep+7,0x1.4e8afc6d15f01p+7
387,0x1.ff38c722f6e6ap+6,0x1.fb0952e93bedp+6,0x1.c014ba0041992p+7,0x1.510fd3d7968cp+7
388,0x1.f44fe49c4eecep+6,0x1.fb6a6297e40e9p+6,0x1.bad348efff157p+7,0x1.5155b729194d5p+7
389,0x1.eeaa798a4b814p+6,0x1.f9350c0830245p+6,0x1.b7a3eb0a1fd26p+7,0x1.5012ebbd5e7bcp+7
390,0x1.df9e8d1ba6c8ap+6,0x1.fe54d27f1522ap+6,0x1.afcfdcab25ce9p+7,0x1.52802a378e936p+7
391,0x1.d516143e10b97p+6,0x1.fb7110e35298ep+6,0x1.aad44346d9ad8p+7,0x1.512ea7d072c08p+7
392,0x1.c9d28fab505dap+6,0x1.fbf47715ac7ddp+6,0x1.a623f94aed99p+7,0x1.51db291bb1e14p+7
393,0x1.ba9903f858b0fp+6,0x1.ffbeac2332868p+6,0x1.9e30f82578054p+7,0x1.539a1dee66bccp+7
394,0x1.b9de393e05a63p+6,0x1.ffecff7754a22p+6,0x1.9be6db60fd2cep+7,0x1.52d5cb4f694a1p+7
395,0x1.b25a8f1835b16p+6,0x1.038b76cc3dc4cp+7,0x1.973577e7e8962p+7,0x1.5601456dbb4f8p+7
396,0x1.a426a6d0e2934p+6,0x1.01463a939db2ep+7,0x1.9238b27402e41p+7,0x1.54aceb6c624d2p+7
397,0x1.a0474a66f5512p+6,0x1.0288599186372p+7,0x1.9053288818946p+7,0x1.55f2e932f2b6ap+7
398,0x1.8f09ebb735642p+6,0x1.032e621410bfdp+7,0x1.86bc9fb380fb1p+7,0x1.562a08958edd5p+7
399,0x1.898111198bfd8p+6,0x1.01556e55b7bc2p+7,0x1.82cf713f92b89p+7,0x1.53cdcd04f90a2p+7
400,0x1.787c4d7f09778p+6,0x1.03508fda6ffcep+7,0x1.7c16a0881a578p+7,0x1.56942cc73c191p+7
401,0x1.6abf28e59f26fp+6,0x1.0202ae6378f9ap+7,0x1.75ba86c59c11cp+7,0x1.55806043a38bdp+7
402,0x1.68aa87e2e9511p+6,0x1.048b2955f9229p+7,0x1.7599b122449d8p+7,0x1.58704b2dac519p+7
403,0x1.58dab237cb33bp+6,0x1.05045f9d7d5fep+7,0x1.6ec86e3a0e33ep+7,0x1.596539de7467cp+7
404,0x1.58b7841608ae2p+6,0x1.0409e7e890428p+7,0x1.6d336da57e9a8p+7,0x1.57bee8176fbd8p+7
405,0x1.4af7f74503efep+6,0x1.04c8a839445edp+7,0x1.67895ea2ea324p+7,0x1.59077864945d9p+7
406,0x1.40e339c7d81b1p+6,0x1.040171294f45ep+7,0x1.6300cd02c6f76p+7,0x1.5879ef9045674p+7
407,0x1.34faf96c7370fp+6,0x1.071afdf587dd7p+7,0x1.5c2f29b40f9edp+7,0x1.5b314e0a7e46fp+7
408,0x1.27b17d6b8fa0cp+6,0x1.05a4bc90bf2f7p+7,0x1.5557775623497p+7,0x1.59a3fd8af8423p+7
409,0x1.1f5f3e6bad5bfp+6,0x1.080bf8e594e62p+7,0x1.51e299dbdf7ep+7,0x1.5c5b579d0c81p+7
410,0x1.10caa242c3aa6p+6,0x1.07e3975f47612p+7,0x1.4b2e56055914fp+7,0x1.5c75823a0dff5p+7
411,0x1.0d061bb30e7dcp+6,0x1.0658bf6d1e48ep+7,0x1.481ee09568d79p+7,0x1.5a65894b908ecp+7
412,0x1.015d5853903ddp+6,0x1.0847d27f816bfp+7,0x1.435c411f1f61p+7,0x1.5ccda4960249fp+7
413,0x1.eaf40e146f577p+5,0x1.06ab57d44927ep+7,0x1.3d62605743504p+7,0x1.5b2dbc3f7c1ep+7
414,0x1.e1f9f86e67f6ap+5,0x1.08cf41f390df8p+7,0x1.39f0d2e61258ap+7,0x1.5cc95641447c4p+7
415,0x1.b3bae85ab7c09p+5,0x1.09ebd722c1bc8p+7,0x1.2f255d496d79p+7,0x1.5e3ce96a7be0cp+7
416,0x1.a83ce7100198p+5,0x1.099c0ffa30b82p+7,0x1.2cc7569160fbcp+7,0x1.5e26922e58a6ep+7
417,0x1.91a689c49609dp+5,0x1.0920c4d39894fp+7,0x1.290dd9a3677f5p+7,0x1.5e85ed6037bc1p+7
418,0x1.814a35498cb88p+5,0x1.0888362152decp+7,0x1.248e8647248d6p+7,0x1.5dbf5981c8c07p+7
419,0x1.6f54f44c9138p+5,0x1.08600d0c66466p+7,0x1.204da8d096917p+7,0x1.5db1dbf52c0a6p+7
420,0x1.50c455d33e1c3p+5,0x1.0981ec8d639dp+7,0x1.19f3563cdf5fp+7,0x1.5f661f4939b4fp+7
421,0x1.3f482f82e1b89p+5,0x1.082c442008eacp+7,0x1.1539fa8a1c5a6p+7,0x1.5de7dfbaa9fccp+7
422,0x1.3061c2a377cc7p+5,0x1.0b7cb158f74f8p+7,0x1.101ea7e574b6ep+7,0x1.609bd6aa72754p+7
423,0x1.188a57a4d77d4p+5,0x1.09de65695b9acp+7,0x1.08a30e54dc137p+7,0x1.5e509dedeb8f4p+7
424,0x1.11c58d9f7e345p+5,0x1.09cf5ef0928c7p+7,0x1.07d3128f4de3bp+7,0x1.5ea53cc8d6bb7p+7
425,0x1.01b74463f75d2p+5,0x1.09d649811e7a4p+7,0x1.032a8aaccfd75p+7,0x1.5e62f86c8a4d4p+7
426,0x1.e7b88f3a317f9p+4,0x1.086ed326ead4p+7,0x1.fc32a362f06cep+6,0x1.5c45568f7fc44p+7
427,0x1.c0527e5afb53ep+4,0x1.08591d1c3f277p+7,0x1.f519dd886f8afp+6,0x1.5ccc520dbf579p+7
428,0x1.9c867e8dda08fp+4,0x1.08538c09d42b3p+7,0x1.eb6fe747bac5ap+6,0x1.5c9db4a051754p+7
429,0x1.814aed954f96ep+4,0x1.09ca4c6d1647cp+7,0x1.e45c2362a1444p+6,0x1.5e054659c6f71p+7
430,0x1.65a2ba72c92f1p+4,0x1.07b6cc0ae64ffp+7,0x1.dcc13b7f43b68p+6,0x1.5bcaa2d061d08p+7
431,0x1.28d65d2ac9c3cp+4,0x1.0742bf9f6ea2cp+7,0x1.ceabe1b54d8f2p+6,0x1.5b95e48ff9e0fp+7
432,0x1.22befe03537bap+4,0x1.0419e15918e57p+7,0x1.ca27fa054533cp+6,0x1.57c2cac93755ap+7
433,0x1.04ba136bbcbdbp+4,0x1.03c7a4a19fe99p+7,0x1.bedd990491f65p+6,0x1.5699381a95391p+7
434,0x1.c0a4f799af757p+3,0x1.02e78deb32f5cp+7,0x1.b6028bcf4af8dp+6,0x1.55c6c2c40cc56p+7
435,0x1.9a115e2a62e92p+3,0x1.00d861b007f02p+7,0x1.af5a34a7f357ep+6,0x1.534ffa8cc363bp+7
436,0x1.6792b90b7dab5p+3,0x1.00ce1d9c1f44ep+7,0x1.a80a96dedb5bp+6,0x1.530c67c1484f6p+7
437,0x1.11dc6a28afc4ep+3,0x1.fbe1699263d46p+6,0x1.9dfa5ffcf3259p+6,0x1.5053f6ba4fb6cp+7
438,0x1.09f481397ed44p+3,0x1.f5753346c3e3p+6,0x1.9d6284816f87p+6,0x1.4d34676f7f6aep+7
439,0x1.f60b0adb8d74ap+2,0x1.f0bc3a32e899cp+6,0x1.9b4d74d0971d2p+6,0x1.4acbe8a642a5bp+7
440,0x1.422274dd0e044p+3,0x1.eb6d8dd878017p+6,0x1.9c08fc9f3da33p+6,0x1.4654bbabafb37p+7
441,0x1.54f081be114ep+3,0x1.e6982c0c883cep+6,0x1.a301a3810ec81p+6,0x1.44f08731fb182p+7
442,0x1.725394507cep+3,0x1.df73798391f0ep+6,0x1.a846d7ec705ap+6,0x1.41b89c4f07403p+7
443,0x1.9dfa0f9020a29p+3,0x1.d8de7b3a8e1eep+6,0x1.ab7873cf95c5ap+6,0x1.3dedaa2166119p+7
444,0x1.ac2838707041dp+3,0x1.cff01a26a5a04p+6,0x1.b0f4a471f1f7cp+6,0x1.3a49d7fa8fa5cp+7
445,0x1.a0d1439092c82p+3,0x1.c9dd81f89fa1ap+6,0x1.b49f2f3da21c2p+6,0x1.3860f3fb2f97ep+7
446,0x1.c1c6282923ce8p+3,0x1.c27c830b316f4p+6,0x1.b74c751823f4ep+6,0x1.345eff44800ecp+7
447,0x1.e848694a5e304p+3,0x1.bc28083ba5de8p+6,0x1.bc52e90d7dff4p+6,0x1.31411759b8b41p+7
448,0x1.cb99349763f54p+3,0x1.b7ce2ca352bd9p+6,0x1.be7123760b8ffp+6,0x1.3058276011b32p+7
449,0x1.190b441193796p+4,0x1.af52d7f5e681ep+6,0x1.c782625a84d87p+6,0x1.2b4664160f24ap+7
450,0x1.0c0608cc405f1p+4,0x1.af5ac61da1136p+6,0x1.c58c5691deca6p+6,0x1.2b9329a9220cbp+7
451,0x1.0ceb5fb24c2c3p+4,0x1.accbb5705001ep+6,0x1.c48bf0e0cc04fp+6,0x1.2a06f1fb0a6f1p+7
452,0x1.1dd55372dcdc1p+4,0x1.ac88da124ec43p+6,0x1.c9a311601e75bp+6,0x1.2a164dff5e80bp+7
453,0x1.05819a0c8adedp+4,0x1.aec1b128b81f7p+6,0x1.c40c75eb091d1p+6,0x1.2b4e97cc8d23dp+7
454,0x1.1397375552986p+4,0x1.a9250429f26fp+6,0x1.c7bb086b69495p+6,0x1.28895643d4035p+7
455,0x1.19c214cf8d04cp+4,0x1.ae31a9cb2421p+6,0x1.c907dd641303p+6,0x1.2b02452771d2cp+7
456,0x1.1e14e0bb481d6p+4,0x1.abfde4f6cfec2p+6,0x1.cb29f02f26038p+6,0x1.2a237e68eec4p+7
457,0x1.4315bb6f20ed8p+4,0x1.adde63c999c84p+6,0x1.d5c1cd69456b8p+6,0x1.2b5f7fb4256d3p+7
458,0x1.40db86326bf24p+4,0x1.b14f0cbd39057p+6,0x1.d58891151344dp+6,0x1.2d2b8946448d5p+7
459,0x1.41d254d5bccddp+4,0x1.b29e2d95e3e38p+6,0x1.d3b0e851185c7p+6,0x1.2d5c7a27f0901p+7
460,0x1.5faa480a8df8cp+4,0x1.bdd222623236ap+6,0x1.d7c80abb377c3p+6,0x1.3236f82daeeecp+7
461,0x1.4a93a18cce842p+4,0x1.bc90c548d1c6bp+6,0x1.d6c9ba0571f8dp+6,0x1.3288f63913d92p+7
462,0x1.63bd831691229p+4,0x1.c1af55c5cec7p+6,0x1.dafb47aa890f6p+6,0x1.34a1565e8d9aap+7
463,0x1.63aec3ee2001ap+4,0x1.c5f67b556788ap+6,0x1.dc73aa3726916p+6,0x1.37191c383f668p+7
464,0x1.63308567dfbdap+4,0x1.c9744450ae14ap+6,0x1.deeb26e58e389p+6,0x1.396b9c930f381p+7
465,0x1.89207fd6e4cbap+4,0x1.d18676f058fddp+6,0x1.e73f78a0c3386p+6,0x1.3d3337e56276dp+7
466,0x1.9246216fd6ee9p+4,0x1.d3b9648f3b124p+6,0x1.e5430c3f3c154p+6,0x1.3d599503c2c0cp+7
467,0x1.ba42dabf1115ap+4,0x1.da142e6182c1bp+6,0x1.f01abd3a8aaa1p+6,0x1.40b6b90f25cb8p+7
468,0x1.b6b395821ac94p+4,0x1.df3854e06327ap+6,0x1.ecfaf49f794dap+6,0x1.42ca19a58176p+7
469,0x1.c90b3f53de93bp+4,0x1.e3e25958987f8p+6,0x1.f04b9bdf5aa06p+6,0x1.44d6b272146b4p+7
470,0x1.c658af074a244p+4,0x1.ead9d474845d5p+6,0x1.f2190bc3f85e4p+6,0x1.48df9bc5bdd15p+7
471,0x1.c0cd73bb9b424p+4,0x1.ed488022ef4f5p+6,0x1.f0501d77427e3p+6,0x1.4a009129734d6p+7
472,0x1.f2e4d890e9646p+4,0x1.f24cc2ec1ed3dp+6,0x1.fedb8adc73194p+6,0x1.4cf5f5ca4b495p+7
473,0x1.f40189bb1290cp+4,0x1.f3fcf1ff31667p+6,0x1.fff39b8f49fd2p+6,0x1.4dfb98e87bf22p+7
474,0x1.0b31403039724p+5,0x1.fb3d69d732187p+6,0x1.03608cf2dd6e8p+7,0x1.5135ca87bf60bp+7
475,0x1.10ab4212eb574p+5,0x1.fe78dc4280042p+6,0x1.05b350cbc97c3p+7,0x1.534077614fa4fp+7
476,0x1.1b45ecc1408ecp+5,0x1.013b6422d9ccp+7,0x1.072accecf4699p+7,0x1.54b8acee97784p+7
477,0x1.1ddac425bc632p+5,0x1.029fbdc6b8325p+7,0x1.0a0fc0aa90d52p+7,0x1.571c4b4bb867p+7
478,0x1.222837fa99947p+5,0x1.070999b49dfc9p+7,0x1.0b8077289c82cp+7,0x1.5baf019fe615dp+7
479,0x1.275c391bb8f6bp+5,0x1.086005bb474e8p+7,0x1.0cd99d0f4ef6ap+7,0x1.5d0b81fbc711cp+7
480,0x1.36c1599445dcp+5,0x1.09da6e3e33be1p+7,0x1.1297460db1382p+7,0x1.5f5d1cbf1078dp+7
481,0x1.31561dc663cap+5,0x1.0ddbd73a5f9edp+7,0x1.118dc2a9fd59p+7,0x1.6382bfa4afdb2p+7
482,0x1.488fa6d822e81p+5,0x1.0f9991339f9fep+7,0x1.15c3c3bc1ab0bp+7,0x1.648b0c0ca5f28p+7
483,0x1.5899036ddcf0ap+5,0x1.1210f89a44798p+7,0x1.1a74f282c978ep+7,0x1.67505d1eed7d2p+7
484,0x1.6170a494c5052p+5,0x1.12d9eff03363dp+7,0x1.1e181356850bcp+7,0x1.68bb5e66d49e9p+7
485,0x1.7846f914a548p+5,0x1.150974416642cp+7,0x1.2171077d11fbap+7,0x1.69de8716f07c5p+7
486,0x1.751dda5c5340fp+5,0x1.15fbd0e23849p+7,0x1.21eda9d9c3eaep+7,0x1.6b6227aad89c2p+7
487,0x1.811fd12a5b846p+5,0x1.17c3ce8cf91dp+7,0x1.252deb9a9267ep+7,0x1.6d46b255a7ab8p+7
488,0x1.95809bea6ea22p+5,0x1.18e42c5322b5p+7,0x1.2852d3f5a4a5cp+7,0x1.6d892d67aec01p+7
489,0x1.9878c111c8f53p+5,0x1.1b4f28f7f11b8p+7,0x1.2896395af9c34p+7,0x1.6fbd92d940cd2p+7
490,0x1.9f10a4387809bp+5,0x1.1c95230fafb5cp+7,0x1.2becf4b583683p+7,0x1.71c378207fb14p+7
491,0x1.b2a69524273aep+5,0x1.1e446a85a22dep+7,0x1.2ebc80a2b15cbp+7,0x1.7285db222fb2fp+7
492,0x1.bf2076575b95ap+5,0x1.213d064cbb7eep+7,0x1.30cf8c1ddf4a4p+7,0x1.75077275f8328p+7
493,0x1.cf4c2c4de651cp+5,0x1.2301c6d1a9f3p+7,0x1.34d7a9bc861e8p+7,0x1.76cb7f2e560dp+7
494,0x1.df0cc4a61fe92p+5,0x1.25122c653bcbap+7,0x1.3661c8e6b8241p+7,0x1.77caeef192db1p+7
495,0x1.f764b6719929cp+5,0x1.2567f1a5adcb7p+7,0x1.3bb807ccb4776p+7,0x1.77cbaebaa583cp+7
496,0x1.033f4b0fb26b3p+6,0x1.27f9b13505724p+7,0x1.41bceff5d4b6cp+7,0x1.7b5c80f1c3e1p+7
497,0x1.fefcfc55988dcp+5,0x1.2b10d28abd844p+7,0x1.3ff72e7908249p+7,0x1.7e7f5aa53a806p+7
498,0x1.0f854e386a70ap+6,0x1.2aadf131da583p+7,0x1.43efce615b98bp+7,0x1.7c512641e39p+7
499,0x1.0eed5b772bfcbp+6,0x1.2fe50f72449d3p+7,0x1.427baf360bf8cp+7,0x1.8103aa15713dbp+7
500,0x1.14910d6ead274p+6,0x1.31774d1f7eb7bp+7,0x1.43585a30603b8p+7,0x1.81b6e88ab028fp+7
501,0x1.17c7f023baa56p+6,0x1.332e0818ad11p+7,0x1.49c9c4ccb5c4fp+7,0x1.85926d6b67dbep+7
502,0x1.14e45d162336bp+6,0x1.35faeff7febdap+7,0x1.4a852b3d4a076p+7,0x1.89583049ec5afp+7
503,0x1.15b0ee25f4022p+6,0x1.3633ae0a27a38p+7,0x1.4d8ba5311384dp+7,0x1.8abb6687c013cp+7
504,0x1.1cd07be582474p+6,0x1.39499961f139p+7,0x1.504d9676c238ap+7,0x1.8d765af622f83p+7
505,0x1.1f154901935b4p+6,0x1.3aa973b48566bp+7,0x1.5137628f02be9p+7,0x1.8ebd5bf2095fdp+7
506,0x1.221ce35051ef7p+6,0x1.3cdc8e6d2d264p+7,0x1.53923fb7abaadp+7,0x1.914f4cc873e6dp+7
507,0x1.2ea0ac2e78059p+6,0x1.3fdd7d8483701p+7,0x1.58281c48f61bfp+7,0x1.93929fab6c189p+7
508,0x1.334eefb055e63p+6,0x1.4109903dc9fb5p+7,0x1.5a0830abd287ap+7,0x1.948a53ff6c505p+7
509,0x1.33b6db9427eb5p+6,0x1.4359a7a0a6e96p+7,0x1.598ff7b925b4cp+7,0x1.968fa1735d745p+7
510,0x1.3e3376701cd16p+6,0x1.448fefea3dc4ap+7,0x1.5dd9fccd96579p+7,0x1.975a7406a9bf1p+7
511,0x1.5a4ca5f37d04p+6,0x1.4c0df0b7e057fp+7,0x1.58f767c7e773ap+7,0x1.9682ba71865ddp+7
512,0x1.679596820e257p+6,0x1.4c59ddfc80f3p+7,0x1.5d57f3edf5c58p+7,0x1.95b2c8e11def8p+7
513,0x1.73d499b6f3f14p+6,0x1.5028e9c810b48p+7,0x1.5eee0a9e05438p+7,0x1.9783b90e42bf4p+7
514,0x1.9b7845545def8p+6,0x1.53894b6340947p+7,0x1.638f989d180b7p+7,0x1.94111aa21791ep+7
515,0x1.e4b40a79fcef1p+6,0x1.5b39436c077cp+7,0x1.6f2e0efa70c39p+7,0x1.90ccd4d45b84ep+7
516,0x1.fe13de1cf236ep+6,0x1.5dc7d1dcb2585p+7,0x1.7c083ee4a707p+7,0x1.936f5ab8c910fp+7
517,0x1.181129420fd88p+7,0x1.5e1d0fa079272p+7,0x1.8bb53563f541bp+7,0x1.8fab513b9d918p+7
518,0x1.2a75eb59dcecdp+7,0x1.61f1640c54afap+7,0x1.9f83d69cb8aedp+7,0x1.947fecc0622e1p+7
519,0x1.3b2abffe9cb09p+7,0x1.60b8b29c4846ap+7,0x1.b63f23613aa83p+7,0x1.96216d6db8794p+7
520,0x1.549f1802b82afp+7,0x1.63349a1f02fecp+7,0x1.ccdfad0368588p+7,0x1.9775981da4b3cp+7
521,0x1.53e5ae2007fb6p+7,0x1.62d6a6e8f8c47p+7,0x1.cdd95cb591dd7p+7,0x1.97e356171ab19p+7
522,0x1.6235745f392fcp+7,0x1.641c181b3bec1p+7,0x1.dd196a254550ep+7,0x1.99992f86e83fap+7
523,0x1.794475eeec273p+7,0x1.63b77947865b3p+7,0x1.f2c22cb5027e7p+7,0x1.9897ecd4a73e5p+7
524,0x1.8a897b68b6cbdp+7,0x1.663da0182c0ecp+7,0x1.01e650711a327p+8,0x1.9b05271e0ae4ap+7
525,0x1.b2b31869998fbp+7,0x1.6808035197b34p+7,0x1.16720c830dcecp+8,0x1.9d39a8d39a006p+7
526,0x1.c5301b1e2fe5ep+7,0x1.6a4b996e3224fp+7,0x1.2024dafb719bdp+8,0x1.9fe4d0e87a0e9p+7
527,0x1.c5b865850fc49p+7,0x1.6a21cb705339p+7,0x1.20a8b2221ba81p+8,0x1.9ff3d6ea54ccap+7
528,0x1.da482036e3e3fp+7,0x1.67ce6ebba1f62p+7,0x1.2c2a143aec075p+8,0x1.9eb7413406ad5p+7
529,0x1.ec9dec8840d4p+7,0x1.685ae5244a46bp+7,0x1.3460359b47c83p+8,0x1.9e0f06b3fff1fp+7
530,0x1.f9e6f7b026619p+7,0x1.65ed832bec0d1p+7,0x1.3dbb6c68a1816p+8,0x1.9e0d09de79a58p+7
531,0x1.070bfa95e728ap+8,0x1.637411cdaca5ep+7,0x1.46490631fdd84p+8,0x1.9a39bddb00088p+7
532,0x1.0fcef2401ac85p+8,0x1.632e2c675ff29p+7,0x1.4ec229e132fd3p+8,0x1.99b2992e4027dp+7
533,0x1.19ed7ffee5ab7p+8,0x1.5ff2e7ea6628ap+7,0x1.5948c8a13976fp+8,0x1.96d34d44d9faep+7
534,0x1.263ee7b814dfp+8,0x1.606ecabdb828ep+7,0x1.646941f76f03ep+8,0x1.9641b2bc66fdcp+7
535,0x1.2cbfa7c8ad29ap+8,0x1.5ca78b1408279p+7,0x1.6e4ea82fb564ep+8,0x1.957a232500dd3p+7
536,0x1.38c656aab5d92p+8,0x1.5d1c91e320adep+7,0x1.7982f7bc52622p+8,0x1.95353e1cdf522p+7
537,-nan,-nan,-nan,-nan
570,0x1.67d5c37dee52dp+6,0x1.1c8ad1eb8a566p+7,0x1.6848efb2cff3p+7,0x1.6ab429a2ae8d4p+7
571,0x1.5d64c480430c4p+6,0x1.1a79dac162e96p+7,0x1.62aff31e724d8p+7,0x1.6878c8d9f6f24p+7
572,0x1.5b8e5ed1a4313p+6,0x1.17c48aca9bf62p+7,0x1.61a77ae21927cp+7,0x1.65b69b166c6d4p+7
573,0x1.55556334205acp+6,0x1.16820d8adedd4p+7,0x1.5eb2bcd5398c7p+7,0x1.648596b2f10cap+7
574,0x1.4abc787f4c5c1p+6,0x1.157b4eb2c7aap+7,0x1.58b1d45a57a1ap+7,0x1.632f864dfc588p+7
575,0x1.4beb323ef3394p+6,0x1.134698e3c2a32p+7,0x1.5a8c883990cfep+7,0x1.6188f11c3d5cep+7
576,0x1.44a83ff455e3ep+6,0x1.117987e33ccdp+7,0x1.5cbd40e95e77p+7,0x1.6252aaa4b9c4p+7
577,0x1.31f2839462b37p+6,0x1.0e34a609a8b9dp+7,0x1.572144d501be4p+7,0x1.60b89311874aep+7
578,0x1.29b47943b7584p+6,0x1.0d65fd76208ecp+7,0x1.563534a841c52p+7,0x1.6155947f9e22cp+7
579,0x1.1e067fc9c7256p+6,0x1.0b1c8595a406ep+7,0x1.5277f36271cp+7,0x1.5ff9baaeb439cp+7
580,0x1.18c2ca03a8f2cp+6,0x1.0b007d94ef542p+7,0x1.4fdc1d2a1c461p+7,0x1.5fe0e8e6cfdc6p+7
581,0x1.130d40893477cp+6,0x1.0ac74ace74d08p+7,0x1.4d8cb80c4c8cfp+7,0x1.5fe6455d46898p+7
582,0x1.0d0ac4debc052p+6,0x1.06e47b4b8213p+7,0x1.4c3dbe957c507p+7,0x1.5cc43f1cd8c2ep+7
583,0x1.0aa0b194821e7p+6,0x1.07b6114f000bcp+7,0x1.4a2c1322d6e9ap+7,0x1.5d35425877e94p+7
584,0x1.fa6471f18f19cp+5,0x1.07003bf46e115p+7,0x1.44d43cb63e2b7p+7,0x1.5d1999f1435bep+7
585,0x1.ffee266ec04dep+5,0x1.071a371b1d3e8p+7,0x1.444b7ea883bc2p+7,0x1.5c5a2d87ed992p+7
586,0x1.eb84b9715b86bp+5,0x1.066c98bd6f25ep+7,0x1.3edbb1713cbe4p+7,0x1.5b86737babb14p+7
587,0x1.ec8cd15067accp+5,0x1.05120f1179236p+7,0x1.3fb1590932a3dp+7,0x1.5a6d8097d851dp+7
588,0x1.d5aa78fac27bp+5,0x1.0494fae136512p+7,0x1.3aaf73dc6dd93p+7,0x1.5a4160a70a31ep+7
589,0x1.d016476b84f86p+5,0x1.037ed8facc02ep+7,0x1.378b3148a9c7bp+7,0x1.5864f25a9d58bp+7
590,0x1.ce180b4810797p+5,0x1.039e3fb759558p+7,0x1.36cfac3521f89p+7,0x1.5869aa1b15708p+7
591,0x1.c4a99b249b7f2p+5,0x1.0249ce057ebbfp+7,0x1.334c6ebfbf0dap+7,0x1.5692792e0046cp+7
592,0x1.b24d9bc71f9a8p+5,0x1.ff98ff31842ep+6,0x1.3003a4feb34e4p+7,0x1.54a95a328aa72p+7
593,0x1.b65a2c32d28e6p+5,0x1.00b11cba25bf6p+7,0x1.2e58291a84d8ep+7,0x1.545c9eb4ac7a2p+7
594,0x1.9035a122e3b63p+5,0x1.013b1cccd536ap+7,0x1.24d46d74640ecp+7,0x1.54e8594a3eacap+7
595,0x1.97beae615c9ffp+5,0x1.00f8a07560c5p+7,0x1.276a4bb1666fcp+7,0x1.54f623c4d5b92p+7
596,0x1.730979de40c42p+5,0x1.0004e2aa84c97p+7,0x1.1ebdc24880467p+7,0x1.543b7eb2a9ec3p+7
597,0x1.6d5af9862432fp+5,0x1.fbc7b4c0da8bap+6,0x1.1f0643afedebp+7,0x1.52dbfa4c80993p+7
598,0x1.5b7cbae9beb1cp+5,0x1.fbf0cd45b8283p+6,0x1.185943bd2a60ap+7,0x1.51f64d76f8813p+7
599,0x1.4b2cad6d6ae51p+5,0x1.f71940ff8618ap+6,0x1.16764f709dc06p+7,0x1.508348bae7d21p+7
600,0x1.51665fc93d696p+5,0x1.f47e4ee98add8p+6,0x1.19a2a9f9b8136p+7,0x1.4fed3702539c9p+7
601,0x1.42aa0ac105ce8p+5,0x1.f8c335ddf1ebcp+6,0x1.12594913ac8ap+7,0x1.507667a1a3b7fp+7
602,0x1.3a044e817ceb1p+5,0x1.f00eedd4f2d99p+6,0x1.110b8cf3ded3dp+7,0x1.4c7ed8ac4d0dp+7
603,0x1.2776e88014d94p+5,0x1.f5b25f1aadfbp+6,0x1.0a2c89dffac9cp+7,0x1.4e52f4ac5ca6fp+7
604,0x1.0ff086e5cd4bep+5,0x1.f0a78bf24237p+6,0x1.05c053e7431b4p+7,0x1.4c727a7ba344cp+7
605,0x1.2674c0be4dc8bp+5,0x1.eeaeb8ff2d73bp+6,0x1.0a6861d06c8ddp+7,0x1.4b05f1527861p+7
606,0x1.3366fce2851d7p+5,0x1.ecd54bd28fac8p+6,0x1.0b80ca6a33409p+7,0x1.492649b45faa3p+7
607,0x1.4cc07cef552e8p+5,0x1.ebcd2d39ef4fep+6,0x1.131fcb1e2348p+7,0x1.49345ef0e020cp+7
608,0x1.744333063f701p+5,0x1.ebd2c0ed84628p+6,0x1.181a43b4208d6p+7,0x1.470a5a56deabcp+7
609,0x1.95e5985bcd4a1p+5,0x1.e70e3aed2f9b9p+6,0x1.209e99b54a564p+7,0x1.44b4de4e858dep+7
610,0x1.bf6af3197befp+5,0x1.e8ec88baa2e1ap+6,0x1.27a0961c21749p+7,0x1.4423ed1a0e983p+7
611,0x1.d977c7848b3a5p+5,0x1.e8a9184ba0ef2p+6,0x1.2d3ea84eb217bp+7,0x1.439b146ad81edp+7
612,0x1.e3fbb8dc67c66p+5,0x1.e6a90336c278p+6,0x1.34476e6beb496p+7,0x1.44905dbdd05eep+7
613,0x1.f3d6c1e284e82p+5,0x1.e1d3f9c42fe7ap+6,0x1.3c73b0d79aa32p+7,0x1.4405750e9fdf8p+7
614,0x1.0daf1e3957a24p+6,0x1.e27631fb32c37p+6,0x1.4655b1c44034ap+7,0x1.445716b00f2a8p+7
615,0x1.1c792bd7ab2e2p+6,0x1.dd3fb728e2663p+6,0x1.4ff115df7b488p+7,0x1.42b7524e0b6dbp+7
616,0x1.2e3b814dc4b88p+6,0x1.dea0141b87cdep+6,0x1.5801d086d84dp+7,0x1.430b63acd7186p+7
617,0x1.35da712ae76efp+6,0x1.ddae7f9720084p+6,0x1.5c07c563b0279p+7,0x1.42aa6c346ffbfp+7
618,0x1.4beb1a5b476a3p+6,0x1.db54c952fb05p+6,0x1.671478d235ff4p+7,0x1.417f4c6f7c0b7p+7
619,0x1.594b4296fb87p+6,0x1.da363b2aed1b1p+6,0x1.6f5322bc5fa18p+7,0x1.41a12463a048p+7
620,0x1.6c6d756496f0cp+6,0x1.d647f8e3dcf69p+6,0x1.79446fa32947ap+7,0x1.3fd4e7dec3dd7p+7
621,0x1.70dcdcc9a5a26p+6,0x1.d335472472b31p+6,0x1.7d04ece52406bp+7,0x1.3ef9c484d2be4p+7
622,0x1.78a726e6cb75ap+6,0x1.ccadda0a3ec8ep+6,0x1.7eba8558d500ap+7,0x1.3abe04c99feb6p+7
623,0x1.81bde3454a8aep+6,0x1.cba0bbb9707a6p+6,0x1.840808c3199e4p+7,0x1.3a8d5e4a1d88dp+7
624,0x1.89ec57e1f7091p+6,0x1.c88b37fd558f2p+6,0x1.87ce0a32a607p+7,0x1.38deb2516b022p+7
625,0x1.91e14d12015c8p+6,0x1.c566d3a8d4ebep+6,0x1.8c4036c265cf1p+7,0x1.37817147e1329p+7
626,0x1.94b7c95813cp+6,0x1.c899055268b41p+6,0x1.8e1ec0b64756p+7,0x1.394df204497d8p+7
627,0x1.9bdfc60dd994bp+6,0x1.c7186638989ccp+6,0x1.9174f6f91335ap+7,0x1.3872ae15a4f9ep+7
628,0x1.a27aa34e7202dp+6,0x1.c5c3189fb36a4p+6,0x1.95ed574dfe0b5p+7,0x1.384c5ca475b1ep+7
629,0x1.a845e8cd000b9p+6,0x1.c36cb24190acep+6,0x1.9a584db41d8p+7,0x1.37ceacfe9985ep+7
630,0x1.b2cf4f60241fp+6,0x1.c60a8ee0e8eafp+6,0x1.a01aba5edc57fp+7,0x1.3955126a475bep+7
631,0x1.b8f2d6ed556d7p+6,0x1.c6c99fbea72cbp+6,0x1.a1b8dd5f4887dp+7,0x1.390e6c1af25dbp+7
632,0x1.c378ae2e936bp+6,0x1.c6bcec786eb04p+6,0x1.a6b262694013ap+7,0x1.38e83ea52a7c1p+7
633,0x1.c7ffc791173c8p+6,0x1.c6a96466ee018p+6,0x1.aa06140d9fd7fp+7,0x1.3957b182c2ca6p+7
634,0x1.d6bc4fa8a00b5p+6,0x1.c21a75016d89cp+6,0x1.b29126adf5be2p+7,0x1.3795c36568a1ep+7
635,0x1.e150d163e4ea3p+6,0x1.c8b4bb1cac06cp+6,0x1.b6103be42fa43p+7,0x1.3a17309aae255p+7
636,0x1.e418624dd4e47p+6,0x1.c776f47d01194p+6,0x1.b72a90a739ce9p+7,0x1.3956236815a14p+7
637,0x1.f1296a6d8ae95p+6,0x1.c77841fae4103p+6,0x1.bd9abda3574e1p+7,0x1.394c9ed8cf78bp+7
638,0x1.eeb8c295c4bep+6,0x1.cb77edaa97e69p+6,0x1.bd250b47f6f33p+7,0x1.3ba323e7e60ccp+7
639,0x1.fd3bd8bb1ea9cp+6,0x1.c4db711714ffep+6,0x1.c394b72487121p+7,0x1.37f780e929c72p+7
640,0x1.01c5c5ec7df18p+7,0x1.c79d24aa367b7p+6,0x1.c7edc40ea08a7p+7,0x1.39e05c967c58p+7
641,0x1.026dc0a7133efp+7,0x1.c5a1860d7a58cp+6,0x1.c880132725b0fp+7,0x1.38d8e24f473d8p+7
642,0x1.06aab8862cd26p+7,0x1.c5d3a1eec94bbp+6,0x1.ce0610180d591p+7,0x1.3982aa710cf86p+7
643,0x1.0a7ed43332804p+7,0x1.c512244f6c982p+6,0x1.d266f683f762p+7,0x1.3961520ea444ap+7
644,0x1.1393f256a402ap+7,0x1.c005fe1bd1813p+6,0x1.da7e1da95bfd6p+7,0x1.366a858ba6ce2p+7
645,0x1.16eb80cadd201p+7,0x1.bfa4b25d5069ep+6,0x1.db5ec044c01f9p+7,0x1.3521d401c793cp+7
646,0x1.1a441d21abb09p+7,0x1.c0923230544efp+6,0x1.dcfcfffd00aafp+7,0x1.34d444d34458dp+7
647,0x1.1a831766f7b25p+7,0x1.c09184196ecf7p+6,0x1.dcd54208fe116p+7,0x1.34a6269259efp+7
648,0x1.12429cd967ecep+7,0x1.bff429017467cp+6,0x1.d473f17dc62f8p+7,0x1.34488f826de49p+7
649,0x1.0abbab2d6b232p+7,0x1.bdd8cc5baabffp+6,0x1.ccc6a037c8f7ap+7,0x1.332a61847b3c6p+7
650,0x1.fa42299eefb01p+6,0x1.c03b749d5f836p+6,0x1.becda96abc086p+7,0x1.3431970e5e804p+7
651,0x1.dca4264e8cd82p+6,0x1.baa9661165c54p+6,0x1.b1f1e47af44f6p+7,0x1.3245880e9e93dp+7
652,0x1.c77fe4f6f170fp+6,0x1.bc8a2d51693c1p+6,0x1.a6b971e981a75p+7,0x1.32ecb699436dp+7
653,0x1.af28ecf528d56p+6,0x1.b91a26d4b565p+6,0x1.9a4366ba11497p+7,0x1.3113e65b0a80fp+7
654,0x1.9ed234e023132p+6,0x1.bb166de5d31cap+6,0x1.90b5e08b41059p+7,0x1.3174ad4ba5ec6p+7
655,0x1.8546bb2c1c0d9p+6,0x1.b4c67ef91532fp+6,0x1.8416ca4e41897p+7,0x1.2e5db6fe46e99p+7
656,0x1.6b507912e42ap+6,0x1.b33deb3dc88cp+6,0x1.79c131b5492dbp+7,0x1.2ec658cca6574p+7
657,0x1.59e00f251291ap+6,0x1.b54614178be43p+6,0x1.6f6477b8111ep+7,0x1.2f0ff72944a38p+7
658,0x1.5d61da99d347bp+6,0x1.b59be6b70d761p+6,0x1.6c1ed404f668ap+7,0x1.2cfee75355a84p+7
659,0x1.6a0a87a632895p+6,0x1.b5a4f30ce1134p+6,0x1.7215011f8ca61p+7,0x1.2cd93a96ce3b5p+7
660,0x1.89559d336ce46p+6,0x1.b311b1e1e3998p+6,0x1.82fd3ab1baceep+7,0x1.2c1f444444877p+7
661,0x1.c5ddb3481c32dp+6,0x1.addac7a23b8cp+6,0x1.a011a5734d9eep+7,0x1.28fd9b20ebbc5p+7
662,0x1.ff5bc39a3713p+6,0x1.ac3f489bd5863p+6,0x1.bb544e1b3fafdp+7,0x1.27861fbddefe6p+7
663,0x1.19335e54594f4p+7,0x1.a6bc754fc7669p+6,0x1.d8fa3daba6b0cp+7,0x1.269a25493cabp+7
664,0x1.3a13135d2781ap+7,0x1.a0567d379453p+6,0x1.f80c0ca2d87e6p+7,0x1.229b226c6a9dfp+7
665,0x1.52e88acb988fap+7,0x1.9ade76c9dfec3p+6,0x1.0a4b7f118fd0dp+8,0x1.2182e75edf57bp+7
666,0x1.6e14b48e84bccp+7,0x1.984af41d656a4p+6,0x1.172bf79edd868p+8,0x1.1f992e61f4e1ap+7
667,0x1.7969cafd60319p+7,0x1.9709b69db1912p+6,0x1.1d9a7f9d760f4p+8,0x1.1fa65231296f6p+7
668,0x1.8236b195548a9p+7,0x1.964a6000ba6ddp+6,0x1.21575da2e3407p+8,0x1.1eb0a1d8d3168p+7
669,0x1.911cb4dceed68p+7,0x1.9541fe44d835ep+6,0x1.26d8b5d7a67c4p+8,0x1.1c72167a7ef76p+7
670,0x1.9a104fdd4867cp+7,0x1.96ae1bf2c99fap+6,0x1.2acee9ae82565p+8,0x1.1cb2b7824ce99p+7
671,0x1.a1595b98f1611p+7,0x1.901aea788a6dfp+6,0x1.2ea7abde41074p+8,0x1.19971009d9e2ap+7
672,0x1.a3842827f3015p+7,0x1.9126fbecbf105p+6,0x1.31efaefda76d5p+8,0x1.1c10849f56f5ep+7
673,0x1.a6f7c225d5438p+7,0x1.8aa3505a5cebap+6,0x1.329ad5d375bfp+8,0x1.17dedb36f1c4bp+7
674,0x1.adcb894edfd1ap+7,0x1.8bd9560d3d7d3p+6,0x1.3548804badc6cp+8,0x1.17d551774616dp+7
675,0x1.a8e80a2125d6fp+7,0x1.8e0c48e97e529p+6,0x1.31ed415665d22p+8,0x1.1821cf891df9ap+7
676,0x1.c265d4ea2b3e6p+7,0x1.947c6be159821p+6,0x1.34ebed8328473p+8,0x1.12c5f5b333a44p+7
677,0x1.c6cc1838c5709p+7,0x1.9823ad6d2ff67p+6,0x1.3399798355e17p+8,0x1.1180778920247p+7
678,0x1.d3abce4155244p+7,0x1.9a34c93d57cf2p+6,0x1.374819794cdeap+8,0x1.101ca1db57b9p+7
679,0x1.e926f8b1cf601p+7,0x1.987054f9efc75p+6,0x1.42901c8300b36p+8,0x1.0fb42e40714d8p+7
680,0x1.f6b936fd42252p+7,0x1.9a2b6b8c59a05p+6,0x1.49f0a90a89449p+8,0x1.1116ef4f8b58p+7
681,0x1.03cf68894495ep+8,0x1.9954bda7a37c1p+6,0x1.51ee62c6c5feap+8,0x1.10449ab58cc9cp+7
682,0x1.0c689e183838p+8,0x1.9d61ee1cb4a16p+6,0x1.5a4090254930cp+8,0x1.120cb65e85fbap+7
683,0x1.13b27ea5e39ffp+8,0x1.9d5b917db71bcp+6,0x1.60b58ae9c8ed7p+8,0x1.114e3f068855cp+7
684,0x1.1b2a2a6000803p+8,0x1.9cd7cc83b020fp+6,0x1.679201e3e4cd5p+8,0x1.1083d3c61eb07p+7
685,0x1.229af14e5fe2ep+8,0x1.9f50f9dbe5711p+6,0x1.6fae18ec3e786p+8,0x1.12571e81ede4p+7
686,0x1.2ab489e9ad99cp+8,0x1.a090d8416c75dp+6,0x1.75a3d5dfce0eap+8,0x1.11151aced8876p+7
687,0x1.338f8da30c036p+8,0x1.9c0b6f13463a9p+6,0x1.7ee57571b7e5cp+8,0x1.0f2ca9f38c62ap+7
688,0x1.3b9452ae10dbcp+8,0x1.9a2a55b5a219fp+6,0x1.872ef9209b06ap+8,0x1.0e7896bb45adbp+7
689,-nan,-nan,-nan,-nan
691,0x1.8ea2b8bac1ca9p+7,0x1.8a80ffb87fdbp+6,0x1.21a07c862d53ap+8,0x1.13860f791567cp+7
692,0x1.8cd2301411125p+7,0x1.8b113009c8055p+6,0x1.21b9ad1708b1ep+8,0x1.14b37cf1688c6p+7
693,0x1.87627f3a1c7c4p+7,0x1.88383c87d2dfcp+6,0x1.20af5474cf136p+8,0x1.14c4c6bebf7e2p+7
694,0x1.83a01445ebbbap+7,0x1.89463be11215cp+6,0x1.20eb2ae0cd85ep+8,0x1.172ce6d919491p+7
695,0x1.84d43437f0fb1p+7,0x1.846a1741bd971p+6,0x1.2209c316ace3bp+8,0x1.15355c840700ep+7
696,0x1.85714c16a7225p+7,0x1.85c89d02bbea9p+6,0x1.22bcfd539cc91p+8,0x1.163ce14cbbf7p+7
697,0x1.81c64d8a35198p+7,0x1.82a87cdd966d8p+6,0x1.21a51cf129b29p+8,0x1.1555e4a2a4f27p+7
698,0x1.83dbdbfb0b3c4p+7,0x1.8299d7fcbd83p+6,0x1.237778f63d493p+8,0x1.160014cedcad9p+7
699,0x1.824c5c7e0b1bep+7,0x1.8742f03168757p+6,0x1.2273ebb668e1fp+8,0x1.181f7be74bc55p+7
700,0x1.84a33a6d3c5bep+7,0x1.80b2e05778458p+6,0x1.2343430bba3ep+8,0x1.1485f5a576bd5p+7
701,0x1.833f3d10867fp+7,0x1.8769bae73031ap+6,0x1.222450ea26df2p+8,0x1.1780ccb79a3bdp+7
702,0x1.7e2307c462c42p+7,0x1.83e563efd50aep+6,0x1.2000194829175p+8,0x1.161cb198a3ff6p+7
703,0x1.7ef18349936c8p+7,0x1.81e439c5b1a43p+6,0x1.2104fbada70eap+8,0x1.15a7686814c3cp+7
704,0x1.7e20a0b0e1b2cp+7,0x1.86d9324b27abfp+6,0x1.20b307fd3e89ap+8,0x1.183681a0b9b7bp+7
705,0x1.7ef4c76354ecdp+7,0x1.819302c5c2875p+6,0x1.2144959581a42p+8,0x1.15b5d03729ea8p+7
706,0x1.80538221d46fbp+7,0x1.829728717c194p+6,0x1.21ea3cef15c82p+8,0x1.162f39fe4e32ap+7
707,0x1.7f2ebb87d8396p+7,0x1.8078384e90d48p+6,0x1.215bbee5776f9p+8,0x1.15235afe7a026p+7
708,0x1.808bc1465ae91p+7,0x1.7f5dee7b66ee8p+6,0x1.212622d5880f8p+8,0x1.13cb5eb80c2ddp+7
709,0x1.806f1a5fc9568p+7,0x1.80b79488a7d8p+6,0x1.205067ef8efe5p+8,0x1.13c71e632e018p+7
710,0x1.7f0c4f812794ep+7,0x1.7f0358e8d255p+6,0x1.1f58f7f46d3acp+8,0x1.12aed08b96d58p+7
711,0x1.797a953c7a973p+7,0x1.824258c71003fp+6,0x1.1c4610123cd68p+8,0x1.140cfb7815b23p+7
712,0x1.71f83f92ebfa6p+7,0x1.835657ebc2ff6p+6,0x1.19365294d285fp+8,0x1.153474743e584p+7
713,0x1.6cb4c9f1eb286p+7,0x1.81ba2ae460295p+6,0x1.1723558de40f8p+8,0x1.14e55065a049p+7
714,0x1.67f636979a282p+7,0x1.826ad35db657dp+6,0x1.13d548d322744p+8,0x1.146937aeecbf2p+7
715,0x1.60f8812c3ec85p+7,0x1.838ce888108eep+6,0x1.10fd05a151749p+8,0x1.158e5948607cbp+7
716,0x1.59303f5665d2bp+7,0x1.86988ecbe6c97p+6,0x1.0d5f197d3f178p+8,0x1.17529ed16c70ep+7
717,0x1.5072e4062edc2p+7,0x1.865550a9669b5p+6,0x1.08f173c07c6bep+8,0x1.1723b4221a932p+7
718,0x1.4bbd271222f75p+7,0x1.8c1079ff6da51p+6,0x1.05ee04be0d734p+8,0x1.196b5264e8dep+7
719,0x1.42c2048e12b67p+7,0x1.8d471e8fbfb7cp+6,0x1.02060c37497f8p+8,0x1.1a8b1c9d5dab3p+7
720,0x1.439525f3886afp+7,0x1.8b03814f5b411p+6,0x1.0209da8cf42aap+8,0x1.190f1f58525f8p+7
721,0x1.34f965a485077p+7,0x1.8f0cd1dc36bb8p+6,0x1.f63585c7dcce8p+7,0x1.1b67e4d8835b5p+7
722,0x1.2b73d30c22223p+7,0x1.8e1439053da51p+6,0x1.eeccd1d20d6dp+7,0x1.1bdc74dd25b94p+7
723,0x1.20d83c7192316p+7,0x1.93a9d72979308p+6,0x1.e2efcd1413d86p+7,0x1.1e187ee483b4ep+7
724,0x1.0ec8793bb25a9p+7,0x1.9a9c7ac5687b8p+6,0x1.d149f5e5f81bep+7,0x1.21bf42200d5e4p+7
725,0x1.017bd953c48c4p+7,0x1.97ef499f9c0eep+6,0x1.c4f1b7aa61367p+7,0x1.20d66cc110c02p+7
726,0x1.e9c8d0625cf88p+6,0x1.a1b261f7a08f1p+6,0x1.b5d703ced183cp+7,0x1.249c139bb4958p+7
727,0x1.bfabe1b11578p+6,0x1.a21a911d53ad4p+6,0x1.a18a7206ef828p+7,0x1.2526031f2fd4p+7
728,0x1.af10d88c51246p+6,0x1.a1be91a0e557p+6,0x1.9b8ea932150d5p+7,0x1.25ff1230f86ap+7
729,0x1.8f2ec352f6ebfp+6,0x1.abb271e6eee1ap+6,0x1.8b5315cc01daap+7,0x1.2ad730e709451p+7
730,0x1.775ad2d8e6f2ep+6,0x1.ad51893d33b0cp+6,0x1.7ee3b5572531p+7,0x1.2b6b54dd83b9fp+7
731,0x1.67eaf30114082p+6,0x1.b1cec386bd072p+6,0x1.75c358fb05acep+7,0x1.2d09dc2b27a15p+7
732,0x1.3b36dd372c48bp+6,0x1.b7d88670b0f32p+6,0x1.60dc308ee65eap+7,0x1.30b431c2c5481p+7
733,0x1.2a2c1ba4ede25p+6,0x1.b5e680897b59dp+6,0x1.58c2777732afap+7,0x1.2fea87465a756p+7
734,0x1.161810878091bp+6,0x1.c0eda59c77a6bp+6,0x1.4f07ee1449cadp+7,0x1.3591a0acd32bap+7
735,0x1.0f39a28dce89p+6,0x1.c0848127f1bfap+6,0x1.4b9aa0fc64844p+7,0x1.355e1275af776p+7
736,0x1.0c01819e8797cp+6,0x1.c3ee3e4e618afp+6,0x1.49e7e4cfd114ap+7,0x1.37084afa9761p+7
737,0x1.0b953f28cb8ecp+6,0x1.c645fc7636046p+6,0x1.4914572487969p+7,0x1.37ee2122e334ep+7
738,0x1.1450fb8319797p+6,0x1.c4effa59a3eep+6,0x1.4f44d62d1dd64p+7,0x1.3812446765e6dp+7
739,0x1.1b67348c8870ep+6,0x1.c4f45925df9f6p+6,0x1.531670a63c765p+7,0x1.3833fe222f583p+7
740,0x1.1cbcdf5f41888p+6,0x1.c5483a1f6bc1fp+6,0x1.53c641505f3bcp+7,0x1.386038721d5cep+7
741,0x1.29687d12af1a8p+6,0x1.c6033a6b044f6p+6,0x1.5961e876a872cp+7,0x1.386b2cb15340ep+7
742,0x1.2ef8a74a008bp+6,0x1.c5ea4d98a4ab2p+6,0x1.5b6b42e6f00a9p+7,0x1.380a066b70c35p+7
743,0x1.3510224adf73dp+6,0x1.c770006456e27p+6,0x1.5dffbd500646ep+7,0x1.38982b8347792p+7
744,0x1.3c6aeda9fc4dep+6,0x1.c3c33b875b8f3p+6,0x1.611e675db2cdp+7,0x1.3682303c52387p+7
745,0x1.4183148ba880ep+6,0x1.c6f4c45ef2005p+6,0x1.645648747dce6p+7,0x1.38669fd086ffep+7
746,0x1.4d47ca5e942fp+6,0x1.c72fea4a0286cp+6,0x1.693bff51b20a5p+7,0x1.3814f4dafebcap+7
747,0x1.58485f2d02e36p+6,0x1.c54bf53554959p+6,0x1.6ed778806a5dap+7,0x1.372e2bea0f1fcp+7
748,0x1.5fbab5a33fcbap+6,0x1.c962c51f81f0ap+6,0x1.70e03f2e601a3p+7,0x1.387997703f07bp+7
749,0x1.678dfaa631428p+6,0x1.c9f695cccc7a5p+6,0x1.76ed7499c577cp+7,0x1.39b75f55b50d4p+7
750,0x1.6ad4dea606f05p+6,0x1.cccd04db9bb2p+6,0x1.78b6788d175e3p+7,0x1.3b331ed40fdcap+7
751,0x1.77050c92119e1p+6,0x1.d1cc1418d74cp+6,0x1.7cac09597bd55p+7,0x1.3cbf889e39cd3p+7
752,0x1.80afff207506ep+6,0x1.d02269533cfbap+6,0x1.811625d6a4baep+7,0x1.3bbb147502a4cp+7
753,0x1.84eeb61d9ec57p+6,0x1.d68f56ab93dedp+6,0x1.84ae024c1381ep+7,0x1.3f98bc05064c9p+7
754,0x1.848878779cb56p+6,0x1.d7ca87a628fd8p+6,0x1.830b3cd5a2276p+7,0x1.3f92054145825p+7
755,0x1.8f06889b41d8dp+6,0x1.da236c038b034p+6,0x1.87358a1c46bb5p+7,0x1.404454e3dfab8p+7
756,0x1.8c3a4642e2ee5p+6,0x1.df1f5824c9ba4p+6,0x1.855d89413b8ccp+7,0x1.428f9d17cb8dep+7
757,0x1.9e51dc94e3b7dp+6,0x1.ddc070f851edep+6,0x1.905c3fe88fa24p+7,0x1.42bdd7e8ffa5cp+7
758,0x1.a71b567b00b97p+6,0x1.e20404236e8ep+6,0x1.94113bfebbc9p+7,0x1.4492b73103344p+7
759,0x1.b04402404c67ep+6,0x1.e160e5b104763p+6,0x1.9867b9affce48p+7,0x1.4424ef5164e6ap+7
760,0x1.be3c464140a84p+6,0x1.e3b1fa067996p+6,0x1.a0535fd5149ep+7,0x1.45b860809b5d9p+7
761,0x1.c18ec9b5f1d4bp+6,0x1.e546e9962d1fdp+6,0x1.a23b8b5a99e9cp+7,0x1.469dc34064601p+7
762,0x1.c91a0ea3fe01ep+6,0x1.e7dddd534ca7dp+6,0x1.a79495e7f3ecfp+7,0x1.489ce02c048p+7
763,0x1.ce37fa776fc61p+6,0x1.e3fb7382fc2cfp+6,0x1.a9ffcc78db237p+7,0x1.469bc23e81e98p+7
764,0x1.d8cf14d8b4d0dp+6,0x1.e7f7986aa4cdcp+6,0x1.af9fd10c3b8c6p+7,0x1.48bf42f7aeb9cp+7
765,0x1.e1e01c6cafd2ap+6,0x1.e3f780aa31ddfp+6,0x1.b4da4bbbaf96dp+7,0x1.470e9009d0afp+7
766,0x1.e834c03447027p+6,0x1.e4aa7f632702p+6,0x1.b7bf08801e4bbp+7,0x1.47487aca59286p+7
767,0x1.eee22696c0083p+6,0x1.e47932116963ep+6,0x1.bb0364f8e83c8p+7,0x1.4728994c718ap+7
768,0x1.f86555819cb67p+6,0x1.e61a2b5aed872p+6,0x1.c1af447a2e997p+7,0x1.48d1973488da9p+7
769,0x1.072e1416b673ap+7,0x1.e6fdb96c015dbp+6,0x1.c82552b5959f8p+7,0x1.47422628e213ep+7
770,0x1.07d3a581b7ec4p+7,0x1.e86921617162cp+6,0x1.c95d5ffba54a9p+7,0x1.48391748d345dp+7
771,0x1.0b32c67e61c6ap+7,0x1.e92178a3702edp+6,0x1.ced1f6367b6c2p+7,0x1.4982afd54828fp+7
772,0x1.0bc3ee61b33b9p+7,0x1.e4de445aff7bp+6,0x1.d1bb2a3ba71afp+7,0x1.486b343bae0f2p+7
773,0x1.132142f0fc111p+7,0x1.e79c7e703a70bp+6,0x1.d588b72eb8b4dp+7,0x1.4835be3d9a501p+7
774,0x1.1b6df0daef66ep+7,0x1.e448d760c7706p+6,0x1.dc4f26e753f56p+7,0x1.45e03ca0acc3ap+7
775,0x1.22470d742efbfp+7,0x1.e7663e1c69dd5p+6,0x1.d644187f6c759p+7,0x1.41c317456167ep+7
776,0x1.27e180e3c270dp+7,0x1.eb6609d879ed6p+6,0x1.cf34f57a50eddp+7,0x1.3e30e9dd14a2p+7
777,0x1.305d5543218fp+7,0x1.e974c5e111c9ap+6,0x1.da1d8dea0ab7cp+7,0x1.3e4960004ec68p+7
778,0x1.3b64711af096bp+7,0x1.e8d46d035238ep+6,0x1.e3ddfc7207cc3p+7,0x1.3d697c6e9101ep+7
779,0x1.46b320dd2ce86p+7,0x1.e452410781bf9p+6,0x1.ef3864fddffc8p+7,0x1.3b2d8e9472a89p+7
780,0x1.50a0bcd26c9d2p+7,0x1.e4579a40cff8p+6,0x1.f88466a25d6fap+7,0x1.3ae9231a566fap+7
781,0x1.595c3e12325ccp+7,0x1.df3373e65a434p+6,0x1.017ad026092a7p+8,0x1.3917a1076defep+7
782,0x1.662894f9af513p+7,0x1.de32f309f968p+6,0x1.07a21066385b6p+8,0x1.3860047b034cp+7
783,0x1.709d89acb0f64p+7,0x1.d985c1cc47574p+6,0x1.0d399076a6e6p+8,0x1.365b44a5ddcb8p+7
784,0x1.7ca69dcf96ca5p+7,0x1.d54d50a74ff66p+6,0x1.126a05d469642p+8,0x1.338471fa6a169p+7
785,0x1.88bf8dcf8abd4p+7,0x1.d4afed889fbd4p+6,0x1.187b622b9ca26p+8,0x1.333a0e4e3779cp+7
786,0x1.928f35bcd8935p+7,0x1.cd93085a6c1cap+6,0x1.1dafee49aede8p+8,0x1.2fef1c584a9d3p+7
787,0x1.9e518ed44f382p+7,0x1.ca0bd5cc163p+6,0x1.2385a95a419f8p+8,0x1.2e217186f29f4p+7
788,0x1.ab54da11682p+7,0x1.c6abea1ab7a51p+6,0x1.2a5937390498dp+8,0x1.2cb98cda413fcp+7
789,0x1.b4e24eb3cf08ap+7,0x1.c2a1eeea92918p+6,0x1.2eb6af2b2f2dcp+8,0x1.2a57f22a13d34p+7
790,0x1.a198615828e2ep+6,0x1.deb98b022e1aap+6,0x1.84d5303779c76p+7,0x1.3d60ba0d21d63p+7
791,0x1.92d2dd4c962a6p+6,0x1.db0081204aa61p+6,0x1.7d9b171fa8a12p+7,0x1.3b961476b9584p+7
792,0x1.84c858cdde9b5p+6,0x1.d7b202147ef0ep+6,0x1.768207763e969p+7,0x1.39e620a073333p+7
793,0x1.7aea68a9d18a9p+6,0x1.d56dfffd47e8ep+6,0x1.71e2bc9aab9bcp+7,0x1.38e72563a2639p+7
794,0x1.6d50a1777c52dp+6,0x1.d4c0f9b4020f4p+6,0x1.6aa3c2de91613p+7,0x1.385e7c62475e2p+7
795,0x1.61f141a83643dp+6,0x1.d1d90a1f7ac8cp+6,0x1.64a8021a7b423p+7,0x1.36c915182b298p+7
796,0x1.54e01fdbcc41ep+6,0x1.d2fa4d8db8336p+6,0x1.5e2f7648d2782p+7,0x1.3760c17b7c4p+7
797,0x1.4e1c6ac95eedp+6,0x1.cf63bfe4e4c36p+6,0x1.5b01c49b50898p+7,0x1.35ac680a75aacp+7
798,0x1.42086bb51a2c6p+6,0x1.d1c15a1fa4424p+6,0x1.546fb826b80d5p+7,0x1.369f67bdf5e4fp+7
799,0x1.3a99b1df17966p+6,0x1.cfa18257030d5p+6,0x1.513abc54dc6fbp+7,0x1.35c8cb1a26614p+7
800,0x1.2b82862ee8d0dp+6,0x1.cf1ee121d429p+6,0x1.49cbc6a38d232p+7,0x1.35940fa9ec82cp+7
801,0x1.28c7b8586c11p+6,0x1.cce773f382162p+6,0x1.48ae328fcdb95p+7,0x1.349466fb554d8p+7
802,0x1.2a7551858d0fap+6,0x1.c9d2c99e3c5f9p+6,0x1.494df099923c8p+7,0x1.32f1de689c4cap+7
803,0x1.282ebe1af2225p+6,0x1.cb38fc4b99393p+6,0x1.481319f286eeep+7,0x1.339a9da96d6eap+7
804,0x1.2814d2ab92a1fp+6,0x1.cc5fb0cb4ce8ep+6,0x1.48089260500ebp+7,0x1.342f0961d66ddp+7
805,0x1.2a041246ed948p+6,0x1.cac782994a623p+6,0x1.4881d19179492p+7,0x1.332b655b3e337p+7
806,0x1.2504c949bc2f1p+6,0x1.c9b07e3c9589dp+6,0x1.4650cdea04d55p+7,0x1.32c273046cad8p+7
807,0x1.2b7b9236ffb25p+6,0x1.c80715dbece33p+6,0x1.497e1f07bd496p+7,0x1.31e78ef0879a8p+7
808,0x1.2359e6775751cp+6,0x1.cdb5e6723023ep+6,0x1.44b8567371c61p+7,0x1.346f6d9ac0bc5p+7
809,0x1.2251171c4cac7p+6,0x1.c8f4fcc27e328p+6,0x1.439a3fbe48de4p+7,0x1.31cb6b1f32253p+7
810,0x1.24bb5958eaabdp+6,0x1.ce2c5d167ad26p+6,0x1.4183a0c7acbe4p+7,0x1.32d78ac903d83p+7
811,0x1.1fde3581118dap+6,0x1.d0941104f9816p+6,0x1.3c4f3ca4cbe3ap+7,0x1.32b90bd634052p+7
812,0x1.21fa6d5d26792p+6,0x1.d3247a6399f9ep+6,0x1.3b9a33d933c12p+7,0x1.332c88411b274p+7
813,0x1.1efd85c59b98p+6,0x1.d2d5e7a29cafep+6,0x1.39b7d496c2bb4p+7,0x1.32d95a5d9cb3cp+7
814,0x1.1fe3dc414ea01p+6,0x1.d02e83592c256p+6,0x1.3a7a714175b04p+7,0x1.31aaf04027a5dp+7
815,0x1.1d97b2c8b06dep+6,0x1.ceeacde2bc7a6p+6,0x1.3789265141e92p+7,0x1.3034775706149p+7
816,0x1.1f35fad953779p+6,0x1.cd8c289657ea3p+6,0x1.38a10fe2b9362p+7,0x1.2fa887c049ed4p+7
817,0x1.178b6f9be3894p+6,0x1.ca0ae16a75f28p+6,0x1.34f0bf3ab9c7cp+7,0x1.2df9a2522e7fep+7
818,0x1.0a71e94ab1e22p+6,0x1.cb0901742ccbep+6,0x1.2f12e1115577p+7,0x1.2eca5bb32bd8ap+7
819,0x1.f896ba2313b06p+5,0x1.cc665c690c84cp+6,0x1.282fe22aee532p+7,0x1.2f8aedd6f4df2p+7
820,0x1.cce62f5903a95p+5,0x1.caef25e535b9dp+6,0x1.1dd165e66e5ap+7,0x1.2f139fef50a74p+7
821,0x1.cd2f8b9286d16p+5,0x1.cb7a8cb668693p+6,0x1.1d8145834e118p+7,0x1.2f2b7e3dd46c6p+7
822,0x1.babc9b1fbf806p+5,0x1.cbe2a935a8e94p+6,0x1.18772632925bcp+7,0x1.2f2eabecf70dp+7
823,0x1.a0bd74441d508p+5,0x1.ccf829d0f6f85p+6,0x1.11a8b89b9e39ep+7,0x1.2f969dba6c3c9p+7
824,0x1.85d0f2cbca377p+5,0x1.ce34b9ca8c82fp+6,0x1.0b4df92f01448p+7,0x1.305c8acdebf9cp+7
825,0x1.652d5b0c360a7p+5,0x1.cc7197051ed01p+6,0x1.039d6d11d7ae3p+7,0x1.2faed26cbd188p+7
826,0x1.45691607efd6ep+5,0x1.cccf0b71ea94p+6,0x1.f20cf13909c7fp+6,0x1.2ea75ef8d4794p+7
827,0x1.4d175da9bf509p+5,0x1.ce259cac84c84p+6,0x1.f50aa8829fcfep+6,0x1.2f1efab943b29p+7
828,0x1.4b2edcc7971bp+5,0x1.d08d37a61862p+6,0x1.f2ce5bd464e2fp+6,0x1.3006bfc2857eep+7
829,0x1.42dee03cbc9ebp+5,0x1.d177b8a4e5011p+6,0x1.ec573b8c4e2e4p+6,0x1.2ff25bbede898p+7
830,0x1.47887a1e7ee16p+5,0x1.d11fa3fb3bb1ap+6,0x1.efbee3f0c08f4p+6,0x1.3003ccc21bf6dp+7
831,0x1.483a1f3fa8f5fp+5,0x1.d1c2d2cfa0f3ep+6,0x1.ef8458ce51572p+6,0x1.30354938bc1cfp+7
832,0x1.4eb447b7369abp+5,0x1.d13692276c029p+6,0x1.f1c9dc25e9d6fp+6,0x1.2fb9126281c75p+7
833,0x1.46a3ca36cec07p+5,0x1.d1fd670e01be6p+6,0x1.edc26aba80691p+6,0x1.301cacb861454p+7
834,0x1.46f49dfc0d514p+5,0x1.d25e01212c23ep+6,0x1.edc4412598acp+6,0x1.3040f54ea2efep+7
835,0x1.439aa14291e2bp+5,0x1.d3df3887914c6p+6,0x1.eb85c5518662ep+6,0x1.30e09226609cep+7
836,0x1.4309fad4ad094p+5,0x1.d1477768f916dp+6,0x1.ec0f315ec1a8ep+6,0x1.2fc22054aaae2p+7
837,0x1.41cc67f02e08fp+5,0x1.d20eae27182d4p+6,0x1.eb76841dbee0fp+6,0x1.302ad9965cf41p+7
838,0x1.3bdf3d070feddp+5,0x1.d4a76e6b50d93p+6,0x1.e8210957f007cp+6,0x1.315fd6d8e08f9p+7
839,0x1.3b331a1c1fdecp+5,0x1.cf5ec944b6cf1p+6,0x1.ea677a9625688p+6,0x1.2f5453962cf24p+7
840,0x1.2eca544edc881p+5,0x1.d351612a50c6ep+6,0x1.e5f5b20dbd554p+6,0x1.31bce6056decp+7
841,0x1.36d4dd27a396ep+5,0x1.d0b83c35d8b0dp+6,0x1.e88853baa22ffp+6,0x1.30144692bc1eap+7
842,0x1.398213e0f5d4bp+5,0x1.d02589c02e073p+6,0x1.e906cc5219ab6p+6,0x1.2f9c0b810c20dp+7
843,0x1.39dca3fcb097p+5,0x1.d4bad7023795cp+6,0x1.e989dce689d44p+6,0x1.31fb06cf01634p+7
844,0x1.34b901ed2a8b8p+5,0x1.cf5c05f21a954p+6,0x1.e806ad47989bep+6,0x1.2f8e055d452aep+7
845,0x1.39714dd46618cp+5,0x1.d219f6e50a6d1p+6,0x1.edc4c56046309p+6,0x1.31afc8190701ap+7
846,0x1.2f0cccbdc6f84p+5,0x1.d23a6cddd8e21p+6,0x1.e51d682002329p+6,0x1.30f5c3395a567p+7
847,0x1.3e7ec84770961p+5,0x1.cf628f740c1e9p+6,0x1.ec7ba0bb380f9p+6,0x1.2f724d9b3a336p+7
848,0x1.31a71d27f9c1ep+5,0x1.d18d2ad2564adp+6,0x1.e66058767b5d2p+6,0x1.309c0af3ad889p+7
849,0x1.340cb6387ec38p+5,0x1.ce510e131e1f8p+6,0x1.e6fd94f0685afp+6,0x1.2eda30ae48374p+7
850,0x1.378f2d82f7754p+5,0x1.d1e0b65b96aabp+6,0x1.e76d29f1d1e49p+6,0x1.3053ee8f4301ap+7
851,0x1.28c155003d4ccp+5,0x1.cfb37800149e4p+6,0x1.e3998abee25b5p+6,0x1.300b5f75cb816p+7
852,0x1.3c8704045a539p+5,0x1.d04de4b7a247dp+6,0x1.eb1aa0de1f96p+6,0x1.2fd51ad26d2e6p+7
853,0x1.2c93fd6def5dap+5,0x1.d14c29d704e44p+6,0x1.e1492eb2cc694p+6,0x1.2fe2ef915c3cp+7
854,0x1.3c1f576268e86p+5,0x1.d1aab8800ce54p+6,0x1.e9b0833908cd2p+6,0x1.3036224a9de4ep+7
855,0x1.28703f0b1203p+5,0x1.d3d529a78b76dp+6,0x1.e10029f7dae0ep+6,0x1.318faa553a076p+7
856,0x1.1fb5d2a5faa51p+5,0x1.d086cdd074747p+6,0x1.db964c6428ab7p+6,0x1.2fa3b2ccfb189p+7
857,0x1.26aca0a39f39bp+5,0x1.d4122da636a38p+6,0x1.dde13628cff7ap+6,0x1.31273e464f719p+7
858,0x1.0c67638c345a7p+5,0x1.d311ffc4bb483p+6,0x1.d05b9abd1eb9cp+6,0x1.3091a78b252b6p+7
859,0x1.222e260ff005dp+5,0x1.d1fbe36c8cecp+6,0x1.dc1c0dc90295dp+6,0x1.303a9f3a5441bp+7
860,0x1.0d960af497b3bp+5,0x1.d2baddd6b8602p+6,0x1.d1d36fd19015cp+6,0x1.309c0db055bf8p+7
861,0x1.1c0ce4f208e6p+5,0x1.d22101b62ade2p+6,0x1.d8524fd74ff94p+6,0x1.3026492e72d25p+7
862,0x1.06fcf55819324p+5,0x1.d376d94cc76f2p+6,0x1.d00768a25d7d7p+6,0x1.3151fc7bd81ap+7
863,0x1.ff6667be28cf6p+4,0x1.d3dc2447ad297p+6,0x1.ca4a3d6eea924p+6,0x1.310998904871ep+7
864,0x1.f7e161c2973a4p+4,0x1.d101bcb0cef35p+6,0x1.cbd3728f5a317p+6,0x1.30655f476b338p+7
865,0x1.d3a71d2bbca9ep+4,0x1.d6795575fed25p+6,0x1.c35725f9204b8p+6,0x1.3345b13eb61e2p+7
866,0x1.d3d91581ecf77p+4,0x1.d4a6c8b8948fp+6,0x1.bfcb2615c78f4p+6,0x1.318816ac691cep+7
867,0x1.c9d988d97a08ap+4,0x1.d52073d3f02fbp+6,0x1.bd7d803695b4p+6,0x1.31cfc48037636p+7
868,0x1.b489307ad03e3p+4,0x1.d76f0c0fd0866p+6,0x1.b5fed623a8b5cp+6,0x1.327242d9415ap+7
869,0x1.aee58d5c3179ep+4,0x1.d47a369377ad3p+6,0x1.b7b9d9c7bf475p+6,0x1.31b278d1ebce4p+7
870,0x1.965f94c734761p+4,0x1.d9ee6d8b3c4e5p+6,0x1.b18918fc1e358p+6,0x1.3469a5c6e07d6p+7
871,0x1.880c42a7214b4p+4,0x1.d646ee8c9e27cp+6,0x1.b0da3dbcdf9cep+6,0x1.333e6ad679866p+7
872,0x1.9c6ef112eb188p+4,0x1.da1bf73860f81p+6,0x1.b09973e3131fp+6,0x1.33ee347a680ep+7
873,0x1.5a4531d09aea4p+4,0x1.de7dd9d93ef09p+6,0x1.a2d6d949724cep+6,0x1.36c41933e8a92p+7
874,0x1.9635f8b4f82bap+4,0x1.d983807e75a8bp+6,0x1.b21834f5852f5p+6,0x1.34598d4276573p+7
875,0x1.9f2c86cbcc458p+4,0x1.de5d5a375d27ep+6,0x1.b685d4a5c84a8p+6,0x1.374878f55404fp+7
876,0x1.b7b389a3f84ecp+4,0x1.dadbfe0377416p+6,0x1.ba8d46e12a7f2p+6,0x1.350d637eb834cp+7
877,0x1.dee1f80bfade5p+4,0x1.debf896347716p+6,0x1.c3f9aa0cad348p+6,0x1.36e99a0e0da4ap+7
878,0x1.ea5c0cf2ab006p+4,0x1.dc77ad2886abbp+6,0x1.c7eb70a698194p+6,0x1.36035f9a2aab2p+7
879,0x1.06803addccce5p+5,0x1.de2a9b592d78p+6,0x1.cf94b8f14bc9fp+6,0x1.36a0cc9d13962p+7
880,0x1.1c4710b07d821p+5,0x1.ddf4ae6511501p+6,0x1.db8ac2e89c5p+6,0x1.36c4203554a9ap+7
881,0x1.2920e41d20748p+5,0x1.dd432e191921cp+6,0x1.e1b1f3a87e45bp+6,0x1.365cec724e9c5p+7
882,0x1.3fca28fbc4b9p+5,0x1.dfa4ec5c77182p+6,0x1.e91850cabd405p+6,0x1.36a601d1c473ep+7
883,0x1.53c4cd86eb5b5p+5,0x1.dd5ae96634e7dp+6,0x1.f2d2cc35b892fp+6,0x1.356dab666fe92p+7
884,0x1.582fc98708d4cp+5,0x1.de320c3cdc8d5p+6,0x1.f820ef19cb483p+6,0x1.36916e95650a5p+7
885,0x1.6608cf8c7e9a8p+5,0x1.db9296d88cd6ep+6,0x1.fd140f029ad2p+6,0x1.34cf38a025305p+7
886,0x1.823acfa4599b9p+5,0x1.de9d85c9d2422p+6,0x1.04172282e3bf1p+7,0x1.35a2317e8d438p+7
887,0x1.7d319c0ef470cp+5,0x1.def81291d056cp+6,0x1.027ca5baa9d7fp+7,0x1.35a55e35fc9c6p+7
888,0x1.8da15a9869fcbp+5,0x1.d97bc2407819ep+6,0x1.08a1ff4f09156p+7,0x1.33d6dbe225b65p+7
889,0x1.902d22c49f3e1p+5,0x1.e17824dd4e9bep+6,0x1.0a23aa8039d64p+7,0x1.383ea768e300ep+7
890,0x1.94e967bd4b2c1p+5,0x1.dfe553ef147d2p+6,0x1.0ae34d188a45cp+7,0x1.37443e845582dp+7
891,0x1.ad2d34300dbe2p+5,0x1.dc3e4607e1135p+6,0x1.12eb76b1f03c4p+7,0x1.3655b72c6ad34p+7
892,0x1.ae4209a58cccap+5,0x1.e285a455a6a8fp+6,0x1.11d546a9b8824p+7,0x1.38da77720ae45p+7
893,0x1.c9042adfcfc55p+5,0x1.dde00bb8e1003p+6,0x1.173474468958fp+7,0x1.35edf7c8aabb7p+7
894,0x1.d3e7b54ea6c46p+5,0x1.e3edacf3cfd51p+6,0x1.1a4b8a44836f3p+7,0x1.391f47b0b83e6p+7
895,0x1.d8c2f39b7cfa9p+5,0x1.e20be5ef22f36p+6,0x1.1a0cff6969562p+7,0x1.37807513acf8dp+7
896,0x1.eabb3d55c70a9p+5,0x1.e367ef197e0f7p+6,0x1.1dc761b63a7b4p+7,0x1.37d11ac2cc527p+7
897,0x1.f467a1ac95043p+5,0x1.e3cc169ac2bb9p+6,0x1.1f24a97b22eafp+7,0x1.3785eaf3bfab5p+7
898,0x1.0225b26bddbd9p+6,0x1.e3ad08e13ad44p+6,0x1.220df536824d5p+7,0x1.36f70b0b1b9eap+7
899,0x1.0ec6a8efad85bp+6,0x1.e24fa56c8a315p+6,0x1.295b0e7502f11p+7,0x1.36beac0a1a27ep+7
900,0x1.0e2d658d105e4p+6,0x1.e108a47055c96p+6,0x1.2a454ff13df9cp+7,0x1.36ac9d9f38826p+7
901,0x1.1c73f9f0f85d2p+6,0x1.e12d0e70df89p+6,0x1.31aa2d2bbfdb8p+7,0x1.36db432339aaap+7
902,0x1.1b94599db7e9p+6,0x1.e1f0b1bd93e9p+6,0x1.30da875d45764p+7,0x1.370fa0bdab69ap+7
903,0x1.2966a1db2d87fp+6,0x1.e290c866625e3p+6,0x1.38e7536389963p+7,0x1.37e9dfa81bccap+7
904,0x1.28c3f06f95bfcp+6,0x1.e1e4802a57a8dp+6,0x1.37f0b2a771acdp+7,0x1.3746d319871e8p+7
905,0x1.354dc077754a9p+6,0x1.e2b9023078b9ep+6,0x1.3d505e94279fp+7,0x1.374467a4f3222p+7
906,0x1.3429120cf0be4p+6,0x1.e8f76ab7ac8c6p+6,0x1.3d554a96e59c5p+7,0x1.3aa97dabcad32p+7
907,0x1.3211c4e28a27ep+6,0x1.e1d029ff7c771p+6,0x1.3e672e9ec70f5p+7,0x1.3813f558515cap+7
908,0x1.3da3aaae2cee5p+6,0x1.e7182116ce72p+6,0x1.44162562a7376p+7,0x1.3aaaf2c625169p+7
909,0x1.3806a1d845b15p+6,0x1.e740cfacde65p+6,0x1.4195dc59c1f4ep+7,0x1.3ae4ba31965c6p+7
910,0x1.49dfa43079feap+6,0x1.e6f2350f1951ap+6,0x1.4a6e2c1fbb7b4p+7,0x1.3ab61b2af45cep+7
911,0x1.4558010c64022p+6,0x1.ea270cd466a85p+6,0x1.48500579cdfefp+7,0x1.3c5d49f5ae3f3p+7
912,0x1.4e705073535d5p+6,0x1.e78ec7947c012p+6,0x1.4c1f24f3c1a24p+7,0x1.3abd3fd542392p+7
913,0x1.536744893c13cp+6,0x1.ea237ed8254ap+6,0x1.4ecb1c00a542cp+7,0x1.3c202f5409249p+7
914,0x1.511abcfbdc111p+6,0x1.eb5be30341d99p+6,0x1.4dbd9973b99fdp+7,0x1.3cc4c4745b1ddp+7
915,0x1.5ba4aed59e38fp+6,0x1.e8351db7a600bp+6,0x1.53b6f918068edp+7,0x1.3b8735e894111p+7
916,0x1.5b0ce708fe9b4p+6,0x1.ecd544220532fp+6,0x1.53c8c505477b9p+7,0x1.3dfe75d678e7cp+7
917,0x1.607c641b5077ap+6,0x1.eb43d9046088fp+6,0x1.57299224567bap+7,0x1.3d835213940aep+7
918,0x1.6bc5efafa26ecp+6,0x1.eb9b9676b9cf9p+6,0x1.5b28f5282ec8bp+7,0x1.3cf02a788fdf1p+7
919,0x1.730a7863cdaf8p+6,0x1.eeb191f979372p+6,0x1.5e0527db2e30bp+7,0x1.3e1dff32e6b43p+7
920,0x1.7c454fb495b6ap+6,0x1.f1ace7fc6ab01p+6,0x1.60e3b3ba933b4p+7,0x1.3ece771c9d78cp+7
921,0x1.821b39c22336fp+6,0x1.f1046d62a34a7p+6,0x1.6564daffade2ep+7,0x1.3f3391e6f4721p+7
922,0x1.87faafde9b2ddp+6,0x1.f349f6b476e85p+6,0x1.68a939034a077p+7,0x1.407dfea5c48bcp+7
923,0x1.8815eedae0cdep+6,0x1.f656c29b59887p+6,0x1.687f2f172d49dp+7,0x1.41ed6d6de36dcp+7
924,0x1.8c555a65ce188p+6,0x1.f52f489d32bbp+6,0x1.6d28a4b4e8f69p+7,0x1.4287acf8de1efp+7
925,0x1.8bbd148012a6bp+6,0x1.f9500caa48ab2p+6,0x1.6c1c8526a198cp+7,0x1.443e650d1a99ep+7
926,0x1.944a03f1101e2p+6,0x1.fa215deb767b3p+6,0x1.70b4586bf86a7p+7,0x1.44cb696bdd0a4p+7
927,0x1.98e41b2973ef6p+6,0x1.fb00e0c32269fp+6,0x1.7284226671c09p+7,0x1.4500f39e1d6b3p+7
928,0x1.a006845206b1dp+6,0x1.fbe638e8200cbp+6,0x1.763a526592844p+7,0x1.4582859c9c19fp+7
929,0x1.a8ed919f9519cp+6,0x1.fb4e7e6b024p+6,0x1.79c82716f9cbcp+7,0x1.44cde90a9756bp+7
930,0x1.ad15d3a7c15b6p+6,0x1.ff3d4ec739288p+6,0x1.7c97bfbaf42dbp+7,0x1.4719f49c636bcp+7
931,0x1.b4a5baf14ef2ap+6,0x1.ff09d0c7c4f7cp+6,0x1.7ec826b1cf692p+7,0x1.4641c38fb3bap+7
932,0x1.b8e40ae7a6622p+6,0x1.0235863c132f2p+7,0x1.80b051e329aep+7,0x1.48de892fe1aeep+7
933,0x1.b2493300a413bp+6,0x1.038bd23efc022p+7,0x1.7f211710b1c6ep+7,0x1.4b05e8da73076p+7
934,0x1.b67def5c571b5p+6,0x1.02808bb3ca8e6p+7,0x1.82e190456d4e6p+7,0x1.4aba7e95f504ep+7
935,0x1.ba99a3f6581d6p+6,0x1.038ab14e9e049p+7,0x1.841edff0937dp+7,0x1.4b6454743cefbp+7
936,0x1.c90bea3dec15fp+6,0x1.03b89d83ebaa9p+7,0x1.8897cb4e9fabcp+7,0x1.4a49922649187p+7
937,0x1.d5a932aaf109p+6,0x1.04845ae0845d6p+7,0x1.8f75995ea71b6p+7,0x1.4b5859e55027p+7
938,0x1.d63005f5e849cp+6,0x1.056b31f6268d1p+7,0x1.904065c632a38p+7,0x1.4c7fe6f40669ap+7
939,0x1.dee1d22ffc5b7p+6,0x1.04da6daa9ffd3p+7,0x1.9486ebc75de03p+7,0x1.4be51154aaa1bp+7
940,0x1.df12f9ced5e62p+6,0x1.06acbaec7c13bp+7,0x1.940f5d530a488p+7,0x1.4d701a2cea3fbp+7
941,0x1.e17d732b54b8dp+6,0x1.06f1073910a09p+7,0x1.95f1738222804p+7,0x1.4e08717aaaadbp+7
942,0x1.e9d36bd2daac8p+6,0x1.062032a92c678p+7,0x1.9bea5e399c43fp+7,0x1.4e12eff807f2p+7
943,0x1.ebe8912979d53p+6,0x1.0929bb0d213aap+7,0x1.9b63022710fdap+7,0x1.5058c6fb7ad04p+7
